employeeId,fecha_local,fecha_utc_enviada,terminal,serial,status_intento1,texto_intento1,status_intento2,texto_intento2
002489,2026-08-04 14:51:16,2026-08-04T20:51:16.000Z,MINATITLAN,DS-K1T673DWX-E120260212V044800ENGS8956847,422,"{"code":"TIME_TRACKING_ENTRY_DUPLICATE","message":"Can't create two entries of the same type in a row","metadata":{}}",422,"{"code":"TIME_TRACKING_ENTRY_DUPLICATE","message":"Can't create two entries of the same type in a row","metadata":{}}"
009014,2026-08-05 01:52:16,2026-08-05T07:52:16.000Z,MINATITLAN,DS-K1T673DWX-E120260212V044800ENGS8956847,422,"{"code":"TIME_TRACKING_ENTRY_DUPLICATE","message":"Can't create two entries of the same type in a row","metadata":{}}",422,"{"code":"TIME_TRACKING_ENTRY_DUPLICATE","message":"Can't create two entries of the same type in a row","metadata":{}}"
000369,2026-08-06 14:38:48,2026-08-06T20:38:48.000Z,MINATITLAN,DS-K1T673DWX-E120260212V044800ENGS8956847,422,"{"code":"TIME_TRACKING_ENTRY_DUPLICATE","message":"Can't create two entries of the same type in a row","metadata":{}}",422,"{"code":"TIME_TRACKING_ENTRY_DUPLICATE","message":"Can't create two entries of the same type in a row","metadata":{}}"
002674,2026-08-07 06:16:42,2026-08-07T12:16:42.000Z,SAN LORENZO,DS-K1T673DWX-E120251027V044180ENGN3227937,422,"{"code":"TIME_TRACKING_ENTRY_DUPLICATE","message":"Can't create two entries of the same type in a row","metadata":{}}",422,"{"code":"TIME_TRACKING_ENTRY_DUPLICATE","message":"Can't create two entries of the same type in a row","metadata":{}}"
002249,2026-08-07 14:48:15,2026-08-07T20:48:15.000Z,MINATITLAN,DS-K1T673DWX-E120260212V044800ENGS8956847,422,"{"code":"TIME_TRACKING_ENTRY_DUPLICATE","message":"Can't create two entries of the same type in a row","metadata":{}}",422,"{"code":"TIME_TRACKING_ENTRY_DUPLICATE","message":"Can't create two entries of the same type in a row","metadata":{}}"
002586,2026-08-07 14:51:47,2026-08-07T20:51:47.000Z,BURBUTEK,DS-K1T673DWX-E120260212V044800ENGS8956846,422,"{"code":"TIME_TRACKING_ENTRY_DUPLICATE","message":"Can't create two entries of the same type in a row","metadata":{}}",422,"{"code":"TIME_TRACKING_ENTRY_DUPLICATE","message":"Can't create two entries of the same type in a row","metadata":{}}"
002249,2026-08-07 17:27:47,2026-08-07T23:27:47.000Z,SAN LORENZO,DS-K1T673DWX-E120251027V044180ENGN3227937,422,"{"code":"TIME_TRACKING_ENTRY_DUPLICATE","message":"Can't create two entries of the same type in a row","metadata":{}}",422,"{"code":"TIME_TRACKING_ENTRY_DUPLICATE","message":"Can't create two entries of the same type in a row","metadata":{}}"
002609,2026-08-08 06:59:40,2026-08-08T12:59:40.000Z,TEXCOCO,DS-K1T673DWX-E120251027V044180ENGN3228057,422,"{"code":"TIME_TRACKING_ENTRY_DUPLICATE","message":"Can't create two entries of the same type in a row","metadata":{}}",422,"{"code":"TIME_TRACKING_ENTRY_DUPLICATE","message":"Can't create two entries of the same type in a row","metadata":{}}"
002760,2026-08-08 07:07:11,2026-08-08T13:07:11.000Z,TEXCOCO,DS-K1T673DWX-E120251027V044180ENGN3228057,422,"{"code":"TIME_TRACKING_ENTRY_DUPLICATE","message":"Can't create two entries of the same type in a row","metadata":{}}",422,"{"code":"TIME_TRACKING_ENTRY_DUPLICATE","message":"Can't create two entries of the same type in a row","metadata":{}}"
002685,2026-08-08 08:34:17,2026-08-08T14:34:17.000Z,SAN LORENZO,DS-K1T673DWX-E120251027V044180ENGN3227937,422,"{"code":"TIME_TRACKING_ENTRY_DUPLICATE","message":"Can't create two entries of the same type in a row","metadata":{}}",422,"{"code":"TIME_TRACKING_ENTRY_DUPLICATE","message":"Can't create two entries of the same type in a row","metadata":{}}"
008314,2026-08-08 11:36:44,2026-08-08T17:36:44.000Z,MINATITLAN,DS-K1T673DWX-E120260212V044800ENGS8956847,422,"{"code":"TIME_TRACKING_ENTRY_DUPLICATE","message":"Can't create two entries of the same type in a row","metadata":{}}",422,"{"code":"TIME_TRACKING_ENTRY_DUPLICATE","message":"Can't create two entries of the same type in a row","metadata":{}}"
007992,2026-08-08 12:02:17,2026-08-08T18:02:17.000Z,MINATITLAN,DS-K1T673DWX-E120260212V044800ENGS8956847,422,"{"code":"TIME_TRACKING_ENTRY_DUPLICATE","message":"Can't create two entries of the same type in a row","metadata":{}}",422,"{"code":"TIME_TRACKING_ENTRY_DUPLICATE","message":"Can't create two entries of the same type in a row","metadata":{}}"
002709,2026-08-08 12:09:12,2026-08-08T18:09:12.000Z,MINATITLAN,DS-K1T673DWX-E120260212V044800ENGS8956847,422,"{"code":"TIME_TRACKING_ENTRY_DUPLICATE","message":"Can't create two entries of the same type in a row","metadata":{}}",422,"{"code":"TIME_TRACKING_ENTRY_DUPLICATE","message":"Can't create two entries of the same type in a row","metadata":{}}"
001722,2026-08-08 12:45:07,2026-08-08T18:45:07.000Z,SAN LORENZO,DS-K1T673DWX-E120251027V044180ENGN3227937,422,"{"code":"TIME_TRACKING_ENTRY_DUPLICATE","message":"Can't create two entries of the same type in a row","metadata":{}}",422,"{"code":"TIME_TRACKING_ENTRY_DUPLICATE","message":"Can't create two entries of the same type in a row","metadata":{}}"
017498,2026-08-08 13:16:20,2026-08-08T19:16:20.000Z,MINATITLAN,DS-K1T673DWX-E120260212V044800ENGS8956847,422,"{"code":"TIME_TRACKING_ENTRY_DUPLICATE","message":"Can't create two entries of the same type in a row","metadata":{}}",422,"{"code":"TIME_TRACKING_ENTRY_DUPLICATE","message":"Can't create two entries of the same type in a row","metadata":{}}"
005345,2026-08-08 14:03:58,2026-08-08T20:03:58.000Z,MINATITLAN,DS-K1T673DWX-E120260212V044800ENGS8956847,422,"{"code":"TIME_TRACKING_ENTRY_DUPLICATE","message":"Can't create two entries of the same type in a row","metadata":{}}",422,"{"code":"TIME_TRACKING_ENTRY_DUPLICATE","message":"Can't create two entries of the same type in a row","metadata":{}}"
000913,2026-08-08 18:00:09,2026-08-09T00:00:09.000Z,MINATITLAN,DS-K1T673DWX-E120260212V044800ENGS8956847,422,"{"code":"TIME_TRACKING_ENTRY_DUPLICATE","message":"Can't create two entries of the same type in a row","metadata":{}}",422,"{"code":"TIME_TRACKING_ENTRY_DUPLICATE","message":"Can't create two entries of the same type in a row","metadata":{}}"
007179,2026-08-08 18:06:48,2026-08-09T00:06:48.000Z,MINATITLAN,DS-K1T673DWX-E120260212V044800ENGS8956847,422,"{"code":"TIME_TRACKING_ENTRY_DUPLICATE","message":"Can't create two entries of the same type in a row","metadata":{}}",422,"{"code":"TIME_TRACKING_ENTRY_DUPLICATE","message":"Can't create two entries of the same type in a row","metadata":{}}"
008962,2026-08-08 18:37:15,2026-08-09T00:37:15.000Z,MINATITLAN,DS-K1T673DWX-E120260212V044800ENGS8956847,422,"{"code":"TIME_TRACKING_ENTRY_DUPLICATE","message":"Can't create two entries of the same type in a row","metadata":{}}",422,"{"code":"TIME_TRACKING_ENTRY_DUPLICATE","message":"Can't create two entries of the same type in a row","metadata":{}}"
008694,2026-08-08 19:01:19,2026-08-09T01:01:19.000Z,MINATITLAN,DS-K1T673DWX-E120260212V044800ENGS8956847,422,"{"code":"TIME_TRACKING_ENTRY_DUPLICATE","message":"Can't create two entries of the same type in a row","metadata":{}}",422,"{"code":"TIME_TRACKING_ENTRY_DUPLICATE","message":"Can't create two entries of the same type in a row","metadata":{}}"
008916,2026-08-08 19:01:26,2026-08-09T01:01:26.000Z,MINATITLAN,DS-K1T673DWX-E120260212V044800ENGS8956847,422,"{"code":"TIME_TRACKING_ENTRY_DUPLICATE","message":"Can't create two entries of the same type in a row","metadata":{}}",422,"{"code":"TIME_TRACKING_ENTRY_DUPLICATE","message":"Can't create two entries of the same type in a row","metadata":{}}"
008075,2026-08-08 19:01:36,2026-08-09T01:01:36.000Z,MINATITLAN,DS-K1T673DWX-E120260212V044800ENGS8956847,422,"{"code":"TIME_TRACKING_ENTRY_DUPLICATE","message":"Can't create two entries of the same type in a row","metadata":{}}",422,"{"code":"TIME_TRACKING_ENTRY_DUPLICATE","message":"Can't create two entries of the same type in a row","metadata":{}}"
009034,2026-08-08 19:01:48,2026-08-09T01:01:48.000Z,MINATITLAN,DS-K1T673DWX-E120260212V044800ENGS8956847,422,"{"code":"TIME_TRACKING_ENTRY_DUPLICATE","message":"Can't create two entries of the same type in a row","metadata":{}}",422,"{"code":"TIME_TRACKING_ENTRY_DUPLICATE","message":"Can't create two entries of the same type in a row","metadata":{}}"
007017,2026-08-08 19:04:20,2026-08-09T01:04:20.000Z,SAN LORENZO,DS-K1T673DWX-E120251027V044180ENGN3227937,422,"{"code":"TIME_TRACKING_ENTRY_DUPLICATE","message":"Can't create two entries of the same type in a row","metadata":{}}",422,"{"code":"TIME_TRACKING_ENTRY_DUPLICATE","message":"Can't create two entries of the same type in a row","metadata":{}}"
008004,2026-08-08 19:04:29,2026-08-09T01:04:29.000Z,SAN LORENZO,DS-K1T673DWX-E120251027V044180ENGN3227937,422,"{"code":"TIME_TRACKING_ENTRY_DUPLICATE","message":"Can't create two entries of the same type in a row","metadata":{}}",422,"{"code":"TIME_TRACKING_ENTRY_DUPLICATE","message":"Can't create two entries of the same type in a row","metadata":{}}"
008481,2026-08-08 19:07:25,2026-08-09T01:07:25.000Z,MINATITLAN,DS-K1T673DWX-E120260212V044800ENGS8956847,422,"{"code":"TIME_TRACKING_ENTRY_DUPLICATE","message":"Can't create two entries of the same type in a row","metadata":{}}",422,"{"code":"TIME_TRACKING_ENTRY_DUPLICATE","message":"Can't create two entries of the same type in a row","metadata":{}}"
002721,2026-08-08 20:12:32,2026-08-09T02:12:32.000Z,MINATITLAN,DS-K1T673DWX-E120260212V044800ENGS8956847,422,"{"code":"TIME_TRACKING_ENTRY_DUPLICATE","message":"Can't create two entries of the same type in a row","metadata":{}}",422,"{"code":"TIME_TRACKING_ENTRY_DUPLICATE","message":"Can't create two entries of the same type in a row","metadata":{}}"
008308,2026-08-10 05:53:00,2026-08-10T11:53:00.000Z,SAN LORENZO,DS-K1T673DWX-E120251027V044180ENGN3227937,422,"{"code":"TIME_TRACKING_ENTRY_DUPLICATE","message":"Can't create two entries of the same type in a row","metadata":{}}",422,"{"code":"TIME_TRACKING_ENTRY_DUPLICATE","message":"Can't create two entries of the same type in a row","metadata":{}}"
002668,2026-08-10 07:48:38,2026-08-10T13:48:38.000Z,CORPORATIVO,DS-K1T673DWX-E120251027V044180ENGN3228248,422,"{"code":"TIME_TRACKING_ENTRY_DUPLICATE","message":"Can't create two entries of the same type in a row","metadata":{}}",422,"{"code":"TIME_TRACKING_ENTRY_DUPLICATE","message":"Can't create two entries of the same type in a row","metadata":{}}"
002103,2026-08-10 07:49:26,2026-08-10T13:49:26.000Z,GUADALAJARA,DS-K1T673DWX-E120251027V044180ENGN3228223,422,"{"code":"TIME_TRACKING_ENTRY_DUPLICATE","message":"Can't create two entries of the same type in a row","metadata":{}}",422,"{"code":"TIME_TRACKING_ENTRY_DUPLICATE","message":"Can't create two entries of the same type in a row","metadata":{}}"
008954,2026-08-10 07:53:48,2026-08-10T13:53:48.000Z,MONTERREY,DS-K1T673DWX-E120251027V044180ENGN3227924,422,"{"code":"TIME_TRACKING_ENTRY_DUPLICATE","message":"Can't create two entries of the same type in a row","metadata":{}}",422,"{"code":"TIME_TRACKING_ENTRY_DUPLICATE","message":"Can't create two entries of the same type in a row","metadata":{}}"
002664,2026-08-10 07:54:00,2026-08-10T13:54:00.000Z,CORPORATIVO,DS-K1T673DWX-E120251027V044180ENGN3228248,422,"{"code":"TIME_TRACKING_ENTRY_DUPLICATE","message":"Can't create two entries of the same type in a row","metadata":{}}",422,"{"code":"TIME_TRACKING_ENTRY_DUPLICATE","message":"Can't create two entries of the same type in a row","metadata":{}}"
001111,2026-08-10 08:39:37,2026-08-10T14:39:37.000Z,SAN LORENZO,DS-K1T673DWX-E120251027V044180ENGN3227937,422,"{"code":"TIME_TRACKING_ENTRY_DUPLICATE","message":"Can't create two entries of the same type in a row","metadata":{}}",422,"{"code":"TIME_TRACKING_ENTRY_DUPLICATE","message":"Can't create two entries of the same type in a row","metadata":{}}"
008927,2026-08-10 11:34:09,2026-08-10T17:34:09.000Z,MINATITLAN,DS-K1T673DWX-E120260212V044800ENGS8956847,422,"{"code":"TIME_TRACKING_ENTRY_DUPLICATE","message":"Can't create two entries of the same type in a row","metadata":{}}",422,"{"code":"TIME_TRACKING_ENTRY_DUPLICATE","message":"Can't create two entries of the same type in a row","metadata":{}}"
008994,2026-08-10 11:35:04,2026-08-10T17:35:04.000Z,MINATITLAN,DS-K1T673DWX-E120260212V044800ENGS8956847,422,"{"code":"TIME_TRACKING_ENTRY_DUPLICATE","message":"Can't create two entries of the same type in a row","metadata":{}}",422,"{"code":"TIME_TRACKING_ENTRY_DUPLICATE","message":"Can't create two entries of the same type in a row","metadata":{}}"
008847,2026-08-10 12:00:36,2026-08-10T18:00:36.000Z,MINATITLAN,DS-K1T673DWX-E120260212V044800ENGS8956847,422,"{"code":"TIME_TRACKING_ENTRY_DUPLICATE","message":"Can't create two entries of the same type in a row","metadata":{}}",422,"{"code":"TIME_TRACKING_ENTRY_DUPLICATE","message":"Can't create two entries of the same type in a row","metadata":{}}"
008902,2026-08-10 12:31:21,2026-08-10T18:31:21.000Z,MINATITLAN,DS-K1T673DWX-E120260212V044800ENGS8956847,422,"{"code":"TIME_TRACKING_ENTRY_DUPLICATE","message":"Can't create two entries of the same type in a row","metadata":{}}",422,"{"code":"TIME_TRACKING_ENTRY_DUPLICATE","message":"Can't create two entries of the same type in a row","metadata":{}}"
002810,2026-08-10 12:51:06,2026-08-10T18:51:06.000Z,MINATITLAN,DS-K1T673DWX-E120260212V044800ENGS8956847,422,"{"code":"TIME_TRACKING_ENTRY_DUPLICATE","message":"Can't create two entries of the same type in a row","metadata":{}}",422,"{"code":"TIME_TRACKING_ENTRY_DUPLICATE","message":"Can't create two entries of the same type in a row","metadata":{}}"
002691,2026-08-10 12:56:20,2026-08-10T18:56:20.000Z,CORPORATIVO,DS-K1T673DWX-E120251027V044180ENGN3228248,422,"{"code":"TIME_TRACKING_ENTRY_DUPLICATE","message":"Can't create two entries of the same type in a row","metadata":{}}",422,"{"code":"TIME_TRACKING_ENTRY_DUPLICATE","message":"Can't create two entries of the same type in a row","metadata":{}}"
002103,2026-08-10 13:29:20,2026-08-10T19:29:20.000Z,GUADALAJARA,DS-K1T673DWX-E120251027V044180ENGN3228223,422,"{"code":"TIME_TRACKING_ENTRY_DUPLICATE","message":"Can't create two entries of the same type in a row","metadata":{}}",422,"{"code":"TIME_TRACKING_ENTRY_DUPLICATE","message":"Can't create two entries of the same type in a row","metadata":{}}"
002780,2026-08-10 13:45:01,2026-08-10T19:45:01.000Z,TEXCOCO,DS-K1T673DWX-E120251027V044180ENGN3228057,422,"{"code":"TIME_TRACKING_ENTRY_DUPLICATE","message":"Can't create two entries of the same type in a row","metadata":{}}",422,"{"code":"TIME_TRACKING_ENTRY_DUPLICATE","message":"Can't create two entries of the same type in a row","metadata":{}}"
002802,2026-08-10 14:00:35,2026-08-10T20:00:35.000Z,SAN LORENZO,DS-K1T673DWX-E120251027V044180ENGN3227937,422,"{"code":"TIME_TRACKING_ENTRY_DUPLICATE","message":"Can't create two entries of the same type in a row","metadata":{}}",422,"{"code":"TIME_TRACKING_ENTRY_DUPLICATE","message":"Can't create two entries of the same type in a row","metadata":{}}"
008954,2026-08-10 14:00:54,2026-08-10T20:00:54.000Z,MONTERREY,DS-K1T673DWX-E120251027V044180ENGN3227924,422,"{"code":"TIME_TRACKING_ENTRY_DUPLICATE","message":"Can't create two entries of the same type in a row","metadata":{}}",422,"{"code":"TIME_TRACKING_ENTRY_DUPLICATE","message":"Can't create two entries of the same type in a row","metadata":{}}"
100442,2026-08-10 14:09:26,2026-08-10T20:09:26.000Z,BURBUTEK,DS-K1T673DWX-E120260212V044800ENGS8956846,422,"{"code":"TIME_TRACKING_ENTRY_DUPLICATE","message":"Can't create two entries of the same type in a row","metadata":{}}",422,"{"code":"TIME_TRACKING_ENTRY_DUPLICATE","message":"Can't create two entries of the same type in a row","metadata":{}}"
002813,2026-08-10 14:18:30,2026-08-10T20:18:30.000Z,MINATITLAN,DS-K1T673DWX-E120260212V044800ENGS8956847,422,"{"code":"TIME_TRACKING_ENTRY_DUPLICATE","message":"Can't create two entries of the same type in a row","metadata":{}}",422,"{"code":"TIME_TRACKING_ENTRY_DUPLICATE","message":"Can't create two entries of the same type in a row","metadata":{}}"
001062,2026-08-10 14:35:39,2026-08-10T20:35:39.000Z,MINATITLAN,DS-K1T673DWX-E120260212V044800ENGS8956847,422,"{"code":"TIME_TRACKING_ENTRY_DUPLICATE","message":"Can't create two entries of the same type in a row","metadata":{}}",422,"{"code":"TIME_TRACKING_ENTRY_DUPLICATE","message":"Can't create two entries of the same type in a row","metadata":{}}"
002787,2026-08-10 14:54:44,2026-08-10T20:54:44.000Z,MINATITLAN,DS-K1T673DWX-E120260212V044800ENGS8956847,422,"{"code":"TIME_TRACKING_ENTRY_DUPLICATE","message":"Can't create two entries of the same type in a row","metadata":{}}",422,"{"code":"TIME_TRACKING_ENTRY_DUPLICATE","message":"Can't create two entries of the same type in a row","metadata":{}}"
100098,2026-08-10 15:06:12,2026-08-10T21:06:12.000Z,BURBUTEK,DS-K1T673DWX-E120260212V044800ENGS8956846,422,"{"code":"TIME_TRACKING_ENTRY_DUPLICATE","message":"Can't create two entries of the same type in a row","metadata":{}}",422,"{"code":"TIME_TRACKING_ENTRY_DUPLICATE","message":"Can't create two entries of the same type in a row","metadata":{}}"
002238,2026-08-10 15:06:31,2026-08-10T21:06:31.000Z,CORPORATIVO,DS-K1T673DWX-E120251027V044180ENGN3228248,422,"{"code":"TIME_TRACKING_ENTRY_DUPLICATE","message":"Can't create two entries of the same type in a row","metadata":{}}",422,"{"code":"TIME_TRACKING_ENTRY_DUPLICATE","message":"Can't create two entries of the same type in a row","metadata":{}}"
100074,2026-08-10 15:09:00,2026-08-10T21:09:00.000Z,BURBUTEK,DS-K1T673DWX-E120260212V044800ENGS8956846,422,"{"code":"TIME_TRACKING_ENTRY_DUPLICATE","message":"Can't create two entries of the same type in a row","metadata":{}}",422,"{"code":"TIME_TRACKING_ENTRY_DUPLICATE","message":"Can't create two entries of the same type in a row","metadata":{}}"
002662,2026-08-10 15:36:30,2026-08-10T21:36:30.000Z,MINATITLAN,DS-K1T673DWX-E120260212V044800ENGS8956847,422,"{"code":"TIME_TRACKING_ENTRY_DUPLICATE","message":"Can't create two entries of the same type in a row","metadata":{}}",422,"{"code":"TIME_TRACKING_ENTRY_DUPLICATE","message":"Can't create two entries of the same type in a row","metadata":{}}"
001316,2026-08-10 15:39:23,2026-08-10T21:39:23.000Z,MINATITLAN,DS-K1T673DWX-E120260212V044800ENGS8956847,422,"{"code":"TIME_TRACKING_ENTRY_DUPLICATE","message":"Can't create two entries of the same type in a row","metadata":{}}",422,"{"code":"TIME_TRACKING_ENTRY_DUPLICATE","message":"Can't create two entries of the same type in a row","metadata":{}}"
009059,2026-08-10 15:39:46,2026-08-10T21:39:46.000Z,MINATITLAN,DS-K1T673DWX-E120260212V044800ENGS8956847,422,"{"code":"TIME_TRACKING_ENTRY_DUPLICATE","message":"Can't create two entries of the same type in a row","metadata":{}}",422,"{"code":"TIME_TRACKING_ENTRY_DUPLICATE","message":"Can't create two entries of the same type in a row","metadata":{}}"
002804,2026-08-10 15:46:58,2026-08-10T21:46:58.000Z,SAN LORENZO,DS-K1T673DWX-E120251027V044180ENGN3227937,422,"{"code":"TIME_TRACKING_ENTRY_DUPLICATE","message":"Can't create two entries of the same type in a row","metadata":{}}",422,"{"code":"TIME_TRACKING_ENTRY_DUPLICATE","message":"Can't create two entries of the same type in a row","metadata":{}}"
100431,2026-08-10 15:49:00,2026-08-10T21:49:00.000Z,BURBUTEK,DS-K1T673DWX-E120260212V044800ENGS8956846,422,"{"code":"TIME_TRACKING_ENTRY_DUPLICATE","message":"Can't create two entries of the same type in a row","metadata":{}}",422,"{"code":"TIME_TRACKING_ENTRY_DUPLICATE","message":"Can't create two entries of the same type in a row","metadata":{}}"
002691,2026-08-10 15:54:53,2026-08-10T21:54:53.000Z,CORPORATIVO,DS-K1T673DWX-E120251027V044180ENGN3228248,422,"{"code":"TIME_TRACKING_ENTRY_DUPLICATE","message":"Can't create two entries of the same type in a row","metadata":{}}",422,"{"code":"TIME_TRACKING_ENTRY_DUPLICATE","message":"Can't create two entries of the same type in a row","metadata":{}}"
000369,2026-08-10 15:56:31,2026-08-10T21:56:31.000Z,SAN LORENZO,DS-K1T673DWX-E120251027V044180ENGN3227937,422,"{"code":"TIME_TRACKING_ENTRY_DUPLICATE","message":"Can't create two entries of the same type in a row","metadata":{}}",422,"{"code":"TIME_TRACKING_ENTRY_DUPLICATE","message":"Can't create two entries of the same type in a row","metadata":{}}"
007634,2026-08-10 16:01:43,2026-08-10T22:01:43.000Z,MINATITLAN,DS-K1T673DWX-E120260212V044800ENGS8956847,422,"{"code":"TIME_TRACKING_ENTRY_DUPLICATE","message":"Can't create two entries of the same type in a row","metadata":{}}",422,"{"code":"TIME_TRACKING_ENTRY_DUPLICATE","message":"Can't create two entries of the same type in a row","metadata":{}}"
002773,2026-08-10 16:08:05,2026-08-10T22:08:05.000Z,CORPORATIVO,DS-K1T673DWX-E120251027V044180ENGN3228248,422,"{"code":"TIME_TRACKING_ENTRY_DUPLICATE","message":"Can't create two entries of the same type in a row","metadata":{}}",422,"{"code":"TIME_TRACKING_ENTRY_DUPLICATE","message":"Can't create two entries of the same type in a row","metadata":{}}"
000895,2026-08-10 16:12:07,2026-08-10T22:12:07.000Z,MINATITLAN,DS-K1T673DWX-E120260212V044800ENGS8956847,422,"{"code":"TIME_TRACKING_ENTRY_DUPLICATE","message":"Can't create two entries of the same type in a row","metadata":{}}",422,"{"code":"TIME_TRACKING_ENTRY_DUPLICATE","message":"Can't create two entries of the same type in a row","metadata":{}}"
002477,2026-08-10 16:14:27,2026-08-10T22:14:27.000Z,SAN LORENZO,DS-K1T673DWX-E120251027V044180ENGN3227937,422,"{"code":"TIME_TRACKING_ENTRY_DUPLICATE","message":"Can't create two entries of the same type in a row","metadata":{}}",422,"{"code":"TIME_TRACKING_ENTRY_DUPLICATE","message":"Can't create two entries of the same type in a row","metadata":{}}"
000895,2026-08-10 16:14:58,2026-08-10T22:14:58.000Z,MINATITLAN,DS-K1T673DWX-E120260212V044800ENGS8956847,422,"{"code":"TIME_TRACKING_ENTRY_DUPLICATE","message":"Can't create two entries of the same type in a row","metadata":{}}",422,"{"code":"TIME_TRACKING_ENTRY_DUPLICATE","message":"Can't create two entries of the same type in a row","metadata":{}}"
002767,2026-08-10 16:30:41,2026-08-10T22:30:41.000Z,MINATITLAN,DS-K1T673DWX-E120260212V044800ENGS8956847,422,"{"code":"TIME_TRACKING_ENTRY_DUPLICATE","message":"Can't create two entries of the same type in a row","metadata":{}}",422,"{"code":"TIME_TRACKING_ENTRY_DUPLICATE","message":"Can't create two entries of the same type in a row","metadata":{}}"
002691,2026-08-10 17:16:44,2026-08-10T23:16:44.000Z,CORPORATIVO,DS-K1T673DWX-E120251027V044180ENGN3228248,422,"{"code":"TIME_TRACKING_ENTRY_DUPLICATE","message":"Can't create two entries of the same type in a row","metadata":{}}",422,"{"code":"TIME_TRACKING_ENTRY_DUPLICATE","message":"Can't create two entries of the same type in a row","metadata":{}}"
007179,2026-08-10 17:34:28,2026-08-10T23:34:28.000Z,MINATITLAN,DS-K1T673DWX-E120260212V044800ENGS8956847,422,"{"code":"TIME_TRACKING_ENTRY_DUPLICATE","message":"Can't create two entries of the same type in a row","metadata":{}}",422,"{"code":"TIME_TRACKING_ENTRY_DUPLICATE","message":"Can't create two entries of the same type in a row","metadata":{}}"
100284,2026-08-10 17:38:41,2026-08-10T23:38:41.000Z,BURBUTEK,DS-K1T673DWX-E120260212V044800ENGS8956846,422,"{"code":"TIME_TRACKING_ENTRY_DUPLICATE","message":"Can't create two entries of the same type in a row","metadata":{}}",422,"{"code":"TIME_TRACKING_ENTRY_DUPLICATE","message":"Can't create two entries of the same type in a row","metadata":{}}"
009022,2026-08-10 17:50:49,2026-08-10T23:50:49.000Z,MINATITLAN,DS-K1T673DWX-E120260212V044800ENGS8956847,422,"{"code":"TIME_TRACKING_ENTRY_DUPLICATE","message":"Can't create two entries of the same type in a row","metadata":{}}",422,"{"code":"TIME_TRACKING_ENTRY_DUPLICATE","message":"Can't create two entries of the same type in a row","metadata":{}}"
002169,2026-08-10 17:53:57,2026-08-10T23:53:57.000Z,CORPORATIVO,DS-K1T673DWX-E120251027V044180ENGN3228248,422,"{"code":"TIME_TRACKING_ENTRY_DUPLICATE","message":"Can't create two entries of the same type in a row","metadata":{}}",422,"{"code":"TIME_TRACKING_ENTRY_DUPLICATE","message":"Can't create two entries of the same type in a row","metadata":{}}"
007820,2026-08-10 18:01:47,2026-08-11T00:01:47.000Z,MINATITLAN,DS-K1T673DWX-E120260212V044800ENGS8956847,422,"{"code":"TIME_TRACKING_ENTRY_DUPLICATE","message":"Can't create two entries of the same type in a row","metadata":{}}",422,"{"code":"TIME_TRACKING_ENTRY_DUPLICATE","message":"Can't create two entries of the same type in a row","metadata":{}}"
008916,2026-08-10 18:02:00,2026-08-11T00:02:00.000Z,MINATITLAN,DS-K1T673DWX-E120260212V044800ENGS8956847,422,"{"code":"TIME_TRACKING_ENTRY_DUPLICATE","message":"Can't create two entries of the same type in a row","metadata":{}}",422,"{"code":"TIME_TRACKING_ENTRY_DUPLICATE","message":"Can't create two entries of the same type in a row","metadata":{}}"
007873,2026-08-10 18:07:32,2026-08-11T00:07:32.000Z,MINATITLAN,DS-K1T673DWX-E120260212V044800ENGS8956847,422,"{"code":"TIME_TRACKING_ENTRY_DUPLICATE","message":"Can't create two entries of the same type in a row","metadata":{}}",422,"{"code":"TIME_TRACKING_ENTRY_DUPLICATE","message":"Can't create two entries of the same type in a row","metadata":{}}"
008827,2026-08-10 18:30:33,2026-08-11T00:30:33.000Z,MINATITLAN,DS-K1T673DWX-E120260212V044800ENGS8956847,422,"{"code":"TIME_TRACKING_ENTRY_DUPLICATE","message":"Can't create two entries of the same type in a row","metadata":{}}",422,"{"code":"TIME_TRACKING_ENTRY_DUPLICATE","message":"Can't create two entries of the same type in a row","metadata":{}}"
008866,2026-08-10 18:35:49,2026-08-11T00:35:49.000Z,MINATITLAN,DS-K1T673DWX-E120260212V044800ENGS8956847,422,"{"code":"TIME_TRACKING_ENTRY_DUPLICATE","message":"Can't create two entries of the same type in a row","metadata":{}}",422,"{"code":"TIME_TRACKING_ENTRY_DUPLICATE","message":"Can't create two entries of the same type in a row","metadata":{}}"
008481,2026-08-10 18:35:58,2026-08-11T00:35:58.000Z,MINATITLAN,DS-K1T673DWX-E120260212V044800ENGS8956847,422,"{"code":"TIME_TRACKING_ENTRY_DUPLICATE","message":"Can't create two entries of the same type in a row","metadata":{}}",422,"{"code":"TIME_TRACKING_ENTRY_DUPLICATE","message":"Can't create two entries of the same type in a row","metadata":{}}"
009031,2026-08-10 18:36:08,2026-08-11T00:36:08.000Z,MINATITLAN,DS-K1T673DWX-E120260212V044800ENGS8956847,422,"{"code":"TIME_TRACKING_ENTRY_DUPLICATE","message":"Can't create two entries of the same type in a row","metadata":{}}",422,"{"code":"TIME_TRACKING_ENTRY_DUPLICATE","message":"Can't create two entries of the same type in a row","metadata":{}}"
009034,2026-08-10 19:04:38,2026-08-11T01:04:38.000Z,MINATITLAN,DS-K1T673DWX-E120260212V044800ENGS8956847,422,"{"code":"TIME_TRACKING_ENTRY_DUPLICATE","message":"Can't create two entries of the same type in a row","metadata":{}}",422,"{"code":"TIME_TRACKING_ENTRY_DUPLICATE","message":"Can't create two entries of the same type in a row","metadata":{}}"
008075,2026-08-10 19:05:07,2026-08-11T01:05:07.000Z,MINATITLAN,DS-K1T673DWX-E120260212V044800ENGS8956847,422,"{"code":"TIME_TRACKING_ENTRY_DUPLICATE","message":"Can't create two entries of the same type in a row","metadata":{}}",422,"{"code":"TIME_TRACKING_ENTRY_DUPLICATE","message":"Can't create two entries of the same type in a row","metadata":{}}"
008694,2026-08-10 19:06:37,2026-08-11T01:06:37.000Z,MINATITLAN,DS-K1T673DWX-E120260212V044800ENGS8956847,422,"{"code":"TIME_TRACKING_ENTRY_DUPLICATE","message":"Can't create two entries of the same type in a row","metadata":{}}",422,"{"code":"TIME_TRACKING_ENTRY_DUPLICATE","message":"Can't create two entries of the same type in a row","metadata":{}}"
007017,2026-08-10 19:07:00,2026-08-11T01:07:00.000Z,SAN LORENZO,DS-K1T673DWX-E120251027V044180ENGN3227937,422,"{"code":"TIME_TRACKING_ENTRY_DUPLICATE","message":"Can't create two entries of the same type in a row","metadata":{}}",422,"{"code":"TIME_TRACKING_ENTRY_DUPLICATE","message":"Can't create two entries of the same type in a row","metadata":{}}"
008622,2026-08-10 19:07:45,2026-08-11T01:07:45.000Z,SAN LORENZO,DS-K1T673DWX-E120251027V044180ENGN3227937,422,"{"code":"TIME_TRACKING_ENTRY_DUPLICATE","message":"Can't create two entries of the same type in a row","metadata":{}}",422,"{"code":"TIME_TRACKING_ENTRY_DUPLICATE","message":"Can't create two entries of the same type in a row","metadata":{}}"
008962,2026-08-10 19:30:51,2026-08-11T01:30:51.000Z,MINATITLAN,DS-K1T673DWX-E120260212V044800ENGS8956847,422,"{"code":"TIME_TRACKING_ENTRY_DUPLICATE","message":"Can't create two entries of the same type in a row","metadata":{}}",422,"{"code":"TIME_TRACKING_ENTRY_DUPLICATE","message":"Can't create two entries of the same type in a row","metadata":{}}"
008544,2026-08-10 19:31:00,2026-08-11T01:31:00.000Z,MINATITLAN,DS-K1T673DWX-E120260212V044800ENGS8956847,422,"{"code":"TIME_TRACKING_ENTRY_DUPLICATE","message":"Can't create two entries of the same type in a row","metadata":{}}",422,"{"code":"TIME_TRACKING_ENTRY_DUPLICATE","message":"Can't create two entries of the same type in a row","metadata":{}}"
007940,2026-08-10 19:32:35,2026-08-11T01:32:35.000Z,MINATITLAN,DS-K1T673DWX-E120260212V044800ENGS8956847,422,"{"code":"TIME_TRACKING_ENTRY_DUPLICATE","message":"Can't create two entries of the same type in a row","metadata":{}}",422,"{"code":"TIME_TRACKING_ENTRY_DUPLICATE","message":"Can't create two entries of the same type in a row","metadata":{}}"
002746,2026-08-10 19:54:28,2026-08-11T01:54:28.000Z,MINATITLAN,DS-K1T673DWX-E120260212V044800ENGS8956847,422,"{"code":"TIME_TRACKING_ENTRY_DUPLICATE","message":"Can't create two entries of the same type in a row","metadata":{}}",422,"{"code":"TIME_TRACKING_ENTRY_DUPLICATE","message":"Can't create two entries of the same type in a row","metadata":{}}"
008075,2026-08-10 21:31:59,2026-08-11T03:31:59.000Z,MINATITLAN,DS-K1T673DWX-E120260212V044800ENGS8956847,422,"{"code":"TIME_TRACKING_ENTRY_DUPLICATE","message":"Can't create two entries of the same type in a row","metadata":{}}",422,"{"code":"TIME_TRACKING_ENTRY_DUPLICATE","message":"Can't create two entries of the same type in a row","metadata":{}}"
008684,2026-08-11 02:42:11,2026-08-11T08:42:11.000Z,SAN LORENZO,DS-K1T673DWX-E120251027V044180ENGN3227937,422,"{"code":"TIME_TRACKING_ENTRY_DUPLICATE","message":"Can't create two entries of the same type in a row","metadata":{}}",422,"{"code":"TIME_TRACKING_ENTRY_DUPLICATE","message":"Can't create two entries of the same type in a row","metadata":{}}"
008409,2026-08-11 02:42:25,2026-08-11T08:42:25.000Z,SAN LORENZO,DS-K1T673DWX-E120251027V044180ENGN3227937,422,"{"code":"TIME_TRACKING_ENTRY_DUPLICATE","message":"Can't create two entries of the same type in a row","metadata":{}}",422,"{"code":"TIME_TRACKING_ENTRY_DUPLICATE","message":"Can't create two entries of the same type in a row","metadata":{}}"
001562,2026-08-11 03:27:32,2026-08-11T09:27:32.000Z,MINATITLAN,DS-K1T673DWX-E120260212V044800ENGS8956847,422,"{"code":"TIME_TRACKING_ENTRY_DUPLICATE","message":"Can't create two entries of the same type in a row","metadata":{}}",422,"{"code":"TIME_TRACKING_ENTRY_DUPLICATE","message":"Can't create two entries of the same type in a row","metadata":{}}"
009063,2026-08-11 04:01:24,2026-08-11T10:01:24.000Z,MINATITLAN,DS-K1T673DWX-E120260212V044800ENGS8956847,422,"{"code":"TIME_TRACKING_ENTRY_DUPLICATE","message":"Can't create two entries of the same type in a row","metadata":{}}",422,"{"code":"TIME_TRACKING_ENTRY_DUPLICATE","message":"Can't create two entries of the same type in a row","metadata":{}}"
008409,2026-08-11 06:00:51,2026-08-11T12:00:51.000Z,SAN LORENZO,DS-K1T673DWX-E120251027V044180ENGN3227937,422,"{"code":"TIME_TRACKING_ENTRY_DUPLICATE","message":"Can't create two entries of the same type in a row","metadata":{}}",422,"{"code":"TIME_TRACKING_ENTRY_DUPLICATE","message":"Can't create two entries of the same type in a row","metadata":{}}"
001906,2026-08-11 06:01:35,2026-08-11T12:01:35.000Z,SAN LORENZO,DS-K1T673DWX-E120251027V044180ENGN3227937,422,"{"code":"TIME_TRACKING_ENTRY_DUPLICATE","message":"Can't create two entries of the same type in a row","metadata":{}}",422,"{"code":"TIME_TRACKING_ENTRY_DUPLICATE","message":"Can't create two entries of the same type in a row","metadata":{}}"
002683,2026-08-11 06:02:10,2026-08-11T12:02:10.000Z,MINATITLAN,DS-K1T673DWX-E120260212V044800ENGS8956847,422,"{"code":"TIME_TRACKING_ENTRY_DUPLICATE","message":"Can't create two entries of the same type in a row","metadata":{}}",422,"{"code":"TIME_TRACKING_ENTRY_DUPLICATE","message":"Can't create two entries of the same type in a row","metadata":{}}"
009057,2026-08-11 07:23:54,2026-08-11T13:23:54.000Z,MONTERREY,DS-K1T673DWX-E120251027V044180ENGN3227924,422,"{"code":"TIME_TRACKING_ENTRY_DUPLICATE","message":"Can't create two entries of the same type in a row","metadata":{}}",422,"{"code":"TIME_TRACKING_ENTRY_DUPLICATE","message":"Can't create two entries of the same type in a row","metadata":{}}"
002103,2026-08-11 07:54:14,2026-08-11T13:54:14.000Z,GUADALAJARA,DS-K1T673DWX-E120251027V044180ENGN3228223,422,"{"code":"TIME_TRACKING_ENTRY_DUPLICATE","message":"Can't create two entries of the same type in a row","metadata":{}}",422,"{"code":"TIME_TRACKING_ENTRY_DUPLICATE","message":"Can't create two entries of the same type in a row","metadata":{}}"
007900,2026-08-11 08:58:44,2026-08-11T14:58:44.000Z,SAN LORENZO,DS-K1T673DWX-E120251027V044180ENGN3227937,422,"{"code":"TIME_TRACKING_ENTRY_DUPLICATE","message":"Can't create two entries of the same type in a row","metadata":{}}",422,"{"code":"TIME_TRACKING_ENTRY_DUPLICATE","message":"Can't create two entries of the same type in a row","metadata":{}}"
002221,2026-08-11 09:57:51,2026-08-11T15:57:51.000Z,CORPORATIVO,DS-K1T673DWX-E120251027V044180ENGN3228248,422,"{"code":"TIME_TRACKING_ENTRY_DUPLICATE","message":"Can't create two entries of the same type in a row","metadata":{}}",422,"{"code":"TIME_TRACKING_ENTRY_DUPLICATE","message":"Can't create two entries of the same type in a row","metadata":{}}"
002090,2026-08-11 10:11:58,2026-08-11T16:11:58.000Z,CORPORATIVO,DS-K1T673DWX-E120251027V044180ENGN3228248,422,"{"code":"TIME_TRACKING_ENTRY_DUPLICATE","message":"Can't create two entries of the same type in a row","metadata":{}}",422,"{"code":"TIME_TRACKING_ENTRY_DUPLICATE","message":"Can't create two entries of the same type in a row","metadata":{}}"
008994,2026-08-11 11:35:17,2026-08-11T17:35:17.000Z,MINATITLAN,DS-K1T673DWX-E120260212V044800ENGS8956847,422,"{"code":"TIME_TRACKING_ENTRY_DUPLICATE","message":"Can't create two entries of the same type in a row","metadata":{}}",422,"{"code":"TIME_TRACKING_ENTRY_DUPLICATE","message":"Can't create two entries of the same type in a row","metadata":{}}"
001590,2026-08-11 12:03:04,2026-08-11T18:03:04.000Z,MINATITLAN,DS-K1T673DWX-E120260212V044800ENGS8956847,422,"{"code":"TIME_TRACKING_ENTRY_DUPLICATE","message":"Can't create two entries of the same type in a row","metadata":{}}",422,"{"code":"TIME_TRACKING_ENTRY_DUPLICATE","message":"Can't create two entries of the same type in a row","metadata":{}}"
002249,2026-08-11 12:09:16,2026-08-11T18:09:16.000Z,SAN LORENZO,DS-K1T673DWX-E120251027V044180ENGN3227937,422,"{"code":"TIME_TRACKING_ENTRY_DUPLICATE","message":"Can't create two entries of the same type in a row","metadata":{}}",422,"{"code":"TIME_TRACKING_ENTRY_DUPLICATE","message":"Can't create two entries of the same type in a row","metadata":{}}"
002578,2026-08-11 12:15:51,2026-08-11T18:15:51.000Z,TEXCOCO,DS-K1T673DWX-E120251027V044180ENGN3228057,422,"{"code":"TIME_TRACKING_ENTRY_DUPLICATE","message":"Can't create two entries of the same type in a row","metadata":{}}",422,"{"code":"TIME_TRACKING_ENTRY_DUPLICATE","message":"Can't create two entries of the same type in a row","metadata":{}}"
002106,2026-08-11 12:23:07,2026-08-11T18:23:07.000Z,MONTERREY,DS-K1T673DWX-E120251027V044180ENGN3227924,422,"{"code":"TIME_TRACKING_ENTRY_DUPLICATE","message":"Can't create two entries of the same type in a row","metadata":{}}",422,"{"code":"TIME_TRACKING_ENTRY_DUPLICATE","message":"Can't create two entries of the same type in a row","metadata":{}}"
002810,2026-08-11 12:26:55,2026-08-11T18:26:55.000Z,MINATITLAN,DS-K1T673DWX-E120260212V044800ENGS8956847,422,"{"code":"TIME_TRACKING_ENTRY_DUPLICATE","message":"Can't create two entries of the same type in a row","metadata":{}}",422,"{"code":"TIME_TRACKING_ENTRY_DUPLICATE","message":"Can't create two entries of the same type in a row","metadata":{}}"
002088,2026-08-11 12:29:52,2026-08-11T18:29:52.000Z,CORPORATIVO,DS-K1T673DWX-E120251027V044180ENGN3228248,422,"{"code":"TIME_TRACKING_ENTRY_DUPLICATE","message":"Can't create two entries of the same type in a row","metadata":{}}",422,"{"code":"TIME_TRACKING_ENTRY_DUPLICATE","message":"Can't create two entries of the same type in a row","metadata":{}}"
002617,2026-08-11 12:57:05,2026-08-11T18:57:05.000Z,CORPORATIVO,DS-K1T673DWX-E120251027V044180ENGN3228248,422,"{"code":"TIME_TRACKING_ENTRY_DUPLICATE","message":"Can't create two entries of the same type in a row","metadata":{}}",422,"{"code":"TIME_TRACKING_ENTRY_DUPLICATE","message":"Can't create two entries of the same type in a row","metadata":{}}"
100233,2026-08-11 13:18:40,2026-08-11T19:18:40.000Z,BURBUTEK,DS-K1T673DWX-E120260212V044800ENGS8956846,422,"{"code":"TIME_TRACKING_ENTRY_DUPLICATE","message":"Can't create two entries of the same type in a row","metadata":{}}",422,"{"code":"TIME_TRACKING_ENTRY_DUPLICATE","message":"Can't create two entries of the same type in a row","metadata":{}}"
100473,2026-08-11 13:21:02,2026-08-11T19:21:02.000Z,BURBUTEK,DS-K1T673DWX-E120260212V044800ENGS8956846,422,"{"code":"TIME_TRACKING_ENTRY_DUPLICATE","message":"Can't create two entries of the same type in a row","metadata":{}}",422,"{"code":"TIME_TRACKING_ENTRY_DUPLICATE","message":"Can't create two entries of the same type in a row","metadata":{}}"
100112,2026-08-11 13:21:12,2026-08-11T19:21:12.000Z,BURBUTEK,DS-K1T673DWX-E120260212V044800ENGS8956846,422,"{"code":"TIME_TRACKING_ENTRY_DUPLICATE","message":"Can't create two entries of the same type in a row","metadata":{}}",422,"{"code":"TIME_TRACKING_ENTRY_DUPLICATE","message":"Can't create two entries of the same type in a row","metadata":{}}"
100442,2026-08-11 13:21:24,2026-08-11T19:21:24.000Z,BURBUTEK,DS-K1T673DWX-E120260212V044800ENGS8956846,422,"{"code":"TIME_TRACKING_ENTRY_DUPLICATE","message":"Can't create two entries of the same type in a row","metadata":{}}",422,"{"code":"TIME_TRACKING_ENTRY_DUPLICATE","message":"Can't create two entries of the same type in a row","metadata":{}}"
002803,2026-08-11 13:23:45,2026-08-11T19:23:45.000Z,CORPORATIVO,DS-K1T673DWX-E120251027V044180ENGN3228248,422,"{"code":"TIME_TRACKING_ENTRY_DUPLICATE","message":"Can't create two entries of the same type in a row","metadata":{}}",422,"{"code":"TIME_TRACKING_ENTRY_DUPLICATE","message":"Can't create two entries of the same type in a row","metadata":{}}"
002401,2026-08-11 13:25:17,2026-08-11T19:25:17.000Z,GUADALAJARA,DS-K1T673DWX-E120251027V044180ENGN3228223,422,"{"code":"TIME_TRACKING_ENTRY_DUPLICATE","message":"Can't create two entries of the same type in a row","metadata":{}}",422,"{"code":"TIME_TRACKING_ENTRY_DUPLICATE","message":"Can't create two entries of the same type in a row","metadata":{}}"
110362,2026-08-11 13:30:45,2026-08-11T19:30:45.000Z,BURBUTEK,DS-K1T673DWX-E120260212V044800ENGS8956846,422,"{"code":"TIME_TRACKING_ENTRY_DUPLICATE","message":"Can't create two entries of the same type in a row","metadata":{}}",422,"{"code":"TIME_TRACKING_ENTRY_DUPLICATE","message":"Can't create two entries of the same type in a row","metadata":{}}"
110799,2026-08-11 13:32:38,2026-08-11T19:32:38.000Z,BURBUTEK,DS-K1T673DWX-E120260212V044800ENGS8956846,422,"{"code":"TIME_TRACKING_ENTRY_DUPLICATE","message":"Can't create two entries of the same type in a row","metadata":{}}",422,"{"code":"TIME_TRACKING_ENTRY_DUPLICATE","message":"Can't create two entries of the same type in a row","metadata":{}}"
002239,2026-08-11 13:46:10,2026-08-11T19:46:10.000Z,CORPORATIVO,DS-K1T673DWX-E120251027V044180ENGN3228248,422,"{"code":"TIME_TRACKING_ENTRY_DUPLICATE","message":"Can't create two entries of the same type in a row","metadata":{}}",422,"{"code":"TIME_TRACKING_ENTRY_DUPLICATE","message":"Can't create two entries of the same type in a row","metadata":{}}"
002804,2026-08-11 14:15:12,2026-08-11T20:15:12.000Z,SAN LORENZO,DS-K1T673DWX-E120251027V044180ENGN3227937,422,"{"code":"TIME_TRACKING_ENTRY_DUPLICATE","message":"Can't create two entries of the same type in a row","metadata":{}}",422,"{"code":"TIME_TRACKING_ENTRY_DUPLICATE","message":"Can't create two entries of the same type in a row","metadata":{}}"
100098,2026-08-11 14:19:24,2026-08-11T20:19:24.000Z,BURBUTEK,DS-K1T673DWX-E120260212V044800ENGS8956846,422,"{"code":"TIME_TRACKING_ENTRY_DUPLICATE","message":"Can't create two entries of the same type in a row","metadata":{}}",422,"{"code":"TIME_TRACKING_ENTRY_DUPLICATE","message":"Can't create two entries of the same type in a row","metadata":{}}"
100074,2026-08-11 14:20:43,2026-08-11T20:20:43.000Z,BURBUTEK,DS-K1T673DWX-E120260212V044800ENGS8956846,422,"{"code":"TIME_TRACKING_ENTRY_DUPLICATE","message":"Can't create two entries of the same type in a row","metadata":{}}",422,"{"code":"TIME_TRACKING_ENTRY_DUPLICATE","message":"Can't create two entries of the same type in a row","metadata":{}}"
100436,2026-08-11 14:21:23,2026-08-11T20:21:23.000Z,BURBUTEK,DS-K1T673DWX-E120260212V044800ENGS8956846,422,"{"code":"TIME_TRACKING_ENTRY_DUPLICATE","message":"Can't create two entries of the same type in a row","metadata":{}}",422,"{"code":"TIME_TRACKING_ENTRY_DUPLICATE","message":"Can't create two entries of the same type in a row","metadata":{}}"
002813,2026-08-11 14:23:02,2026-08-11T20:23:02.000Z,MINATITLAN,DS-K1T673DWX-E120260212V044800ENGS8956847,422,"{"code":"TIME_TRACKING_ENTRY_DUPLICATE","message":"Can't create two entries of the same type in a row","metadata":{}}",422,"{"code":"TIME_TRACKING_ENTRY_DUPLICATE","message":"Can't create two entries of the same type in a row","metadata":{}}"
100319,2026-08-11 14:33:54,2026-08-11T20:33:54.000Z,BURBUTEK,DS-K1T673DWX-E120260212V044800ENGS8956846,422,"{"code":"TIME_TRACKING_ENTRY_DUPLICATE","message":"Can't create two entries of the same type in a row","metadata":{}}",422,"{"code":"TIME_TRACKING_ENTRY_DUPLICATE","message":"Can't create two entries of the same type in a row","metadata":{}}"
002586,2026-08-11 14:36:34,2026-08-11T20:36:34.000Z,BURBUTEK,DS-K1T673DWX-E120260212V044800ENGS8956846,422,"{"code":"TIME_TRACKING_ENTRY_DUPLICATE","message":"Can't create two entries of the same type in a row","metadata":{}}",422,"{"code":"TIME_TRACKING_ENTRY_DUPLICATE","message":"Can't create two entries of the same type in a row","metadata":{}}"
100414,2026-08-11 14:36:41,2026-08-11T20:36:41.000Z,BURBUTEK,DS-K1T673DWX-E120260212V044800ENGS8956846,422,"{"code":"TIME_TRACKING_ENTRY_DUPLICATE","message":"Can't create two entries of the same type in a row","metadata":{}}",422,"{"code":"TIME_TRACKING_ENTRY_DUPLICATE","message":"Can't create two entries of the same type in a row","metadata":{}}"
110674,2026-08-11 14:48:36,2026-08-11T20:48:36.000Z,BURBUTEK,DS-K1T673DWX-E120260212V044800ENGS8956846,422,"{"code":"TIME_TRACKING_ENTRY_DUPLICATE","message":"Can't create two entries of the same type in a row","metadata":{}}",422,"{"code":"TIME_TRACKING_ENTRY_DUPLICATE","message":"Can't create two entries of the same type in a row","metadata":{}}"
110263,2026-08-11 14:48:56,2026-08-11T20:48:56.000Z,BURBUTEK,DS-K1T673DWX-E120260212V044800ENGS8956846,422,"{"code":"TIME_TRACKING_ENTRY_DUPLICATE","message":"Can't create two entries of the same type in a row","metadata":{}}",422,"{"code":"TIME_TRACKING_ENTRY_DUPLICATE","message":"Can't create two entries of the same type in a row","metadata":{}}"
001316,2026-08-11 14:50:43,2026-08-11T20:50:43.000Z,MINATITLAN,DS-K1T673DWX-E120260212V044800ENGS8956847,422,"{"code":"TIME_TRACKING_ENTRY_DUPLICATE","message":"Can't create two entries of the same type in a row","metadata":{}}",422,"{"code":"TIME_TRACKING_ENTRY_DUPLICATE","message":"Can't create two entries of the same type in a row","metadata":{}}"
110802,2026-08-11 14:58:10,2026-08-11T20:58:10.000Z,BURBUTEK,DS-K1T673DWX-E120260212V044800ENGS8956846,422,"{"code":"TIME_TRACKING_ENTRY_DUPLICATE","message":"Can't create two entries of the same type in a row","metadata":{}}",422,"{"code":"TIME_TRACKING_ENTRY_DUPLICATE","message":"Can't create two entries of the same type in a row","metadata":{}}"
001062,2026-08-11 15:12:12,2026-08-11T21:12:12.000Z,MINATITLAN,DS-K1T673DWX-E120260212V044800ENGS8956847,422,"{"code":"TIME_TRACKING_ENTRY_DUPLICATE","message":"Can't create two entries of the same type in a row","metadata":{}}",422,"{"code":"TIME_TRACKING_ENTRY_DUPLICATE","message":"Can't create two entries of the same type in a row","metadata":{}}"
007634,2026-08-11 15:13:10,2026-08-11T21:13:10.000Z,MINATITLAN,DS-K1T673DWX-E120260212V044800ENGS8956847,422,"{"code":"TIME_TRACKING_ENTRY_DUPLICATE","message":"Can't create two entries of the same type in a row","metadata":{}}",422,"{"code":"TIME_TRACKING_ENTRY_DUPLICATE","message":"Can't create two entries of the same type in a row","metadata":{}}"
002662,2026-08-11 15:23:32,2026-08-11T21:23:32.000Z,MINATITLAN,DS-K1T673DWX-E120260212V044800ENGS8956847,422,"{"code":"TIME_TRACKING_ENTRY_DUPLICATE","message":"Can't create two entries of the same type in a row","metadata":{}}",422,"{"code":"TIME_TRACKING_ENTRY_DUPLICATE","message":"Can't create two entries of the same type in a row","metadata":{}}"
002207,2026-08-11 15:25:09,2026-08-11T21:25:09.000Z,SAN LORENZO,DS-K1T673DWX-E120251027V044180ENGN3227937,422,"{"code":"TIME_TRACKING_ENTRY_DUPLICATE","message":"Can't create two entries of the same type in a row","metadata":{}}",422,"{"code":"TIME_TRACKING_ENTRY_DUPLICATE","message":"Can't create two entries of the same type in a row","metadata":{}}"
110630,2026-08-11 15:27:20,2026-08-11T21:27:20.000Z,BURBUTEK,DS-K1T673DWX-E120260212V044800ENGS8956846,422,"{"code":"TIME_TRACKING_ENTRY_DUPLICATE","message":"Can't create two entries of the same type in a row","metadata":{}}",422,"{"code":"TIME_TRACKING_ENTRY_DUPLICATE","message":"Can't create two entries of the same type in a row","metadata":{}}"
110513,2026-08-11 15:32:44,2026-08-11T21:32:44.000Z,BURBUTEK,DS-K1T673DWX-E120260212V044800ENGS8956846,422,"{"code":"TIME_TRACKING_ENTRY_DUPLICATE","message":"Can't create two entries of the same type in a row","metadata":{}}",422,"{"code":"TIME_TRACKING_ENTRY_DUPLICATE","message":"Can't create two entries of the same type in a row","metadata":{}}"
017498,2026-08-11 15:35:40,2026-08-11T21:35:40.000Z,MINATITLAN,DS-K1T673DWX-E120260212V044800ENGS8956847,422,"{"code":"TIME_TRACKING_ENTRY_DUPLICATE","message":"Can't create two entries of the same type in a row","metadata":{}}",422,"{"code":"TIME_TRACKING_ENTRY_DUPLICATE","message":"Can't create two entries of the same type in a row","metadata":{}}"
002773,2026-08-11 15:38:37,2026-08-11T21:38:37.000Z,CORPORATIVO,DS-K1T673DWX-E120251027V044180ENGN3228248,422,"{"code":"TIME_TRACKING_ENTRY_DUPLICATE","message":"Can't create two entries of the same type in a row","metadata":{}}",422,"{"code":"TIME_TRACKING_ENTRY_DUPLICATE","message":"Can't create two entries of the same type in a row","metadata":{}}"
009059,2026-08-11 15:43:55,2026-08-11T21:43:55.000Z,MINATITLAN,DS-K1T673DWX-E120260212V044800ENGS8956847,422,"{"code":"TIME_TRACKING_ENTRY_DUPLICATE","message":"Can't create two entries of the same type in a row","metadata":{}}",422,"{"code":"TIME_TRACKING_ENTRY_DUPLICATE","message":"Can't create two entries of the same type in a row","metadata":{}}"
110701,2026-08-11 15:46:17,2026-08-11T21:46:17.000Z,BURBUTEK,DS-K1T673DWX-E120260212V044800ENGS8956846,422,"{"code":"TIME_TRACKING_ENTRY_DUPLICATE","message":"Can't create two entries of the same type in a row","metadata":{}}",422,"{"code":"TIME_TRACKING_ENTRY_DUPLICATE","message":"Can't create two entries of the same type in a row","metadata":{}}"
002811,2026-08-11 15:50:34,2026-08-11T21:50:34.000Z,MINATITLAN,DS-K1T673DWX-E120260212V044800ENGS8956847,422,"{"code":"TIME_TRACKING_ENTRY_DUPLICATE","message":"Can't create two entries of the same type in a row","metadata":{}}",422,"{"code":"TIME_TRACKING_ENTRY_DUPLICATE","message":"Can't create two entries of the same type in a row","metadata":{}}"
100268,2026-08-11 16:21:58,2026-08-11T22:21:58.000Z,BURBUTEK,DS-K1T673DWX-E120260212V044800ENGS8956846,422,"{"code":"TIME_TRACKING_ENTRY_DUPLICATE","message":"Can't create two entries of the same type in a row","metadata":{}}",422,"{"code":"TIME_TRACKING_ENTRY_DUPLICATE","message":"Can't create two entries of the same type in a row","metadata":{}}"
100106,2026-08-11 16:37:01,2026-08-11T22:37:01.000Z,BURBUTEK,DS-K1T673DWX-E120260212V044800ENGS8956846,422,"{"code":"TIME_TRACKING_ENTRY_DUPLICATE","message":"Can't create two entries of the same type in a row","metadata":{}}",422,"{"code":"TIME_TRACKING_ENTRY_DUPLICATE","message":"Can't create two entries of the same type in a row","metadata":{}}"
002691,2026-08-11 16:40:52,2026-08-11T22:40:52.000Z,CORPORATIVO,DS-K1T673DWX-E120251027V044180ENGN3228248,422,"{"code":"TIME_TRACKING_ENTRY_DUPLICATE","message":"Can't create two entries of the same type in a row","metadata":{}}",422,"{"code":"TIME_TRACKING_ENTRY_DUPLICATE","message":"Can't create two entries of the same type in a row","metadata":{}}"
007467,2026-08-11 17:01:43,2026-08-11T23:01:43.000Z,MINATITLAN,DS-K1T673DWX-E120260212V044800ENGS8956847,422,"{"code":"TIME_TRACKING_ENTRY_DUPLICATE","message":"Can't create two entries of the same type in a row","metadata":{}}",422,"{"code":"TIME_TRACKING_ENTRY_DUPLICATE","message":"Can't create two entries of the same type in a row","metadata":{}}"
100481,2026-08-11 17:09:12,2026-08-11T23:09:12.000Z,BURBUTEK,DS-K1T673DWX-E120260212V044800ENGS8956846,422,"{"code":"TIME_TRACKING_ENTRY_DUPLICATE","message":"Can't create two entries of the same type in a row","metadata":{}}",422,"{"code":"TIME_TRACKING_ENTRY_DUPLICATE","message":"Can't create two entries of the same type in a row","metadata":{}}"
100284,2026-08-11 17:14:40,2026-08-11T23:14:40.000Z,BURBUTEK,DS-K1T673DWX-E120260212V044800ENGS8956846,422,"{"code":"TIME_TRACKING_ENTRY_DUPLICATE","message":"Can't create two entries of the same type in a row","metadata":{}}",422,"{"code":"TIME_TRACKING_ENTRY_DUPLICATE","message":"Can't create two entries of the same type in a row","metadata":{}}"
008420,2026-08-11 17:35:09,2026-08-11T23:35:09.000Z,MINATITLAN,DS-K1T673DWX-E120260212V044800ENGS8956847,422,"{"code":"TIME_TRACKING_ENTRY_DUPLICATE","message":"Can't create two entries of the same type in a row","metadata":{}}",422,"{"code":"TIME_TRACKING_ENTRY_DUPLICATE","message":"Can't create two entries of the same type in a row","metadata":{}}"
008954,2026-08-11 18:03:01,2026-08-12T00:03:01.000Z,MONTERREY,DS-K1T673DWX-E120251027V044180ENGN3227924,422,"{"code":"TIME_TRACKING_ENTRY_DUPLICATE","message":"Can't create two entries of the same type in a row","metadata":{}}",422,"{"code":"TIME_TRACKING_ENTRY_DUPLICATE","message":"Can't create two entries of the same type in a row","metadata":{}}"
008880,2026-08-11 18:09:44,2026-08-12T00:09:44.000Z,MINATITLAN,DS-K1T673DWX-E120260212V044800ENGS8956847,422,"{"code":"TIME_TRACKING_ENTRY_DUPLICATE","message":"Can't create two entries of the same type in a row","metadata":{}}",422,"{"code":"TIME_TRACKING_ENTRY_DUPLICATE","message":"Can't create two entries of the same type in a row","metadata":{}}"
008916,2026-08-11 18:09:56,2026-08-12T00:09:56.000Z,MINATITLAN,DS-K1T673DWX-E120260212V044800ENGS8956847,422,"{"code":"TIME_TRACKING_ENTRY_DUPLICATE","message":"Can't create two entries of the same type in a row","metadata":{}}",422,"{"code":"TIME_TRACKING_ENTRY_DUPLICATE","message":"Can't create two entries of the same type in a row","metadata":{}}"
008481,2026-08-11 18:34:53,2026-08-12T00:34:53.000Z,MINATITLAN,DS-K1T673DWX-E120260212V044800ENGS8956847,422,"{"code":"TIME_TRACKING_ENTRY_DUPLICATE","message":"Can't create two entries of the same type in a row","metadata":{}}",422,"{"code":"TIME_TRACKING_ENTRY_DUPLICATE","message":"Can't create two entries of the same type in a row","metadata":{}}"
008866,2026-08-11 18:35:04,2026-08-12T00:35:04.000Z,MINATITLAN,DS-K1T673DWX-E120260212V044800ENGS8956847,422,"{"code":"TIME_TRACKING_ENTRY_DUPLICATE","message":"Can't create two entries of the same type in a row","metadata":{}}",422,"{"code":"TIME_TRACKING_ENTRY_DUPLICATE","message":"Can't create two entries of the same type in a row","metadata":{}}"
009031,2026-08-11 18:35:31,2026-08-12T00:35:31.000Z,MINATITLAN,DS-K1T673DWX-E120260212V044800ENGS8956847,422,"{"code":"TIME_TRACKING_ENTRY_DUPLICATE","message":"Can't create two entries of the same type in a row","metadata":{}}",422,"{"code":"TIME_TRACKING_ENTRY_DUPLICATE","message":"Can't create two entries of the same type in a row","metadata":{}}"
008694,2026-08-11 19:01:30,2026-08-12T01:01:30.000Z,MINATITLAN,DS-K1T673DWX-E120260212V044800ENGS8956847,422,"{"code":"TIME_TRACKING_ENTRY_DUPLICATE","message":"Can't create two entries of the same type in a row","metadata":{}}",422,"{"code":"TIME_TRACKING_ENTRY_DUPLICATE","message":"Can't create two entries of the same type in a row","metadata":{}}"
009034,2026-08-11 19:02:37,2026-08-12T01:02:37.000Z,MINATITLAN,DS-K1T673DWX-E120260212V044800ENGS8956847,422,"{"code":"TIME_TRACKING_ENTRY_DUPLICATE","message":"Can't create two entries of the same type in a row","metadata":{}}",422,"{"code":"TIME_TRACKING_ENTRY_DUPLICATE","message":"Can't create two entries of the same type in a row","metadata":{}}"
008075,2026-08-11 19:02:43,2026-08-12T01:02:43.000Z,MINATITLAN,DS-K1T673DWX-E120260212V044800ENGS8956847,422,"{"code":"TIME_TRACKING_ENTRY_DUPLICATE","message":"Can't create two entries of the same type in a row","metadata":{}}",422,"{"code":"TIME_TRACKING_ENTRY_DUPLICATE","message":"Can't create two entries of the same type in a row","metadata":{}}"
008622,2026-08-11 19:06:00,2026-08-12T01:06:00.000Z,SAN LORENZO,DS-K1T673DWX-E120251027V044180ENGN3227937,422,"{"code":"TIME_TRACKING_ENTRY_DUPLICATE","message":"Can't create two entries of the same type in a row","metadata":{}}",422,"{"code":"TIME_TRACKING_ENTRY_DUPLICATE","message":"Can't create two entries of the same type in a row","metadata":{}}"
008004,2026-08-11 19:06:07,2026-08-12T01:06:07.000Z,SAN LORENZO,DS-K1T673DWX-E120251027V044180ENGN3227937,422,"{"code":"TIME_TRACKING_ENTRY_DUPLICATE","message":"Can't create two entries of the same type in a row","metadata":{}}",422,"{"code":"TIME_TRACKING_ENTRY_DUPLICATE","message":"Can't create two entries of the same type in a row","metadata":{}}"
008962,2026-08-11 19:30:48,2026-08-12T01:30:48.000Z,MINATITLAN,DS-K1T673DWX-E120260212V044800ENGS8956847,422,"{"code":"TIME_TRACKING_ENTRY_DUPLICATE","message":"Can't create two entries of the same type in a row","metadata":{}}",422,"{"code":"TIME_TRACKING_ENTRY_DUPLICATE","message":"Can't create two entries of the same type in a row","metadata":{}}"
008544,2026-08-11 19:30:59,2026-08-12T01:30:59.000Z,MINATITLAN,DS-K1T673DWX-E120260212V044800ENGS8956847,422,"{"code":"TIME_TRACKING_ENTRY_DUPLICATE","message":"Can't create two entries of the same type in a row","metadata":{}}",422,"{"code":"TIME_TRACKING_ENTRY_DUPLICATE","message":"Can't create two entries of the same type in a row","metadata":{}}"
007940,2026-08-11 19:31:13,2026-08-12T01:31:13.000Z,MINATITLAN,DS-K1T673DWX-E120260212V044800ENGS8956847,422,"{"code":"TIME_TRACKING_ENTRY_DUPLICATE","message":"Can't create two entries of the same type in a row","metadata":{}}",422,"{"code":"TIME_TRACKING_ENTRY_DUPLICATE","message":"Can't create two entries of the same type in a row","metadata":{}}"
001562,2026-08-11 19:33:32,2026-08-12T01:33:32.000Z,MINATITLAN,DS-K1T673DWX-E120260212V044800ENGS8956847,422,"{"code":"TIME_TRACKING_ENTRY_DUPLICATE","message":"Can't create two entries of the same type in a row","metadata":{}}",422,"{"code":"TIME_TRACKING_ENTRY_DUPLICATE","message":"Can't create two entries of the same type in a row","metadata":{}}"
009034,2026-08-11 19:35:37,2026-08-12T01:35:37.000Z,MINATITLAN,DS-K1T673DWX-E120260212V044800ENGS8956847,422,"{"code":"TIME_TRACKING_ENTRY_DUPLICATE","message":"Can't create two entries of the same type in a row","metadata":{}}",422,"{"code":"TIME_TRACKING_ENTRY_DUPLICATE","message":"Can't create two entries of the same type in a row","metadata":{}}"
002746,2026-08-11 19:36:57,2026-08-12T01:36:57.000Z,MINATITLAN,DS-K1T673DWX-E120260212V044800ENGS8956847,422,"{"code":"TIME_TRACKING_ENTRY_DUPLICATE","message":"Can't create two entries of the same type in a row","metadata":{}}",422,"{"code":"TIME_TRACKING_ENTRY_DUPLICATE","message":"Can't create two entries of the same type in a row","metadata":{}}"
001906,2026-08-11 21:12:16,2026-08-12T03:12:16.000Z,SAN LORENZO,DS-K1T673DWX-E120251027V044180ENGN3227937,422,"{"code":"TIME_TRACKING_ENTRY_DUPLICATE","message":"Can't create two entries of the same type in a row","metadata":{}}",422,"{"code":"TIME_TRACKING_ENTRY_DUPLICATE","message":"Can't create two entries of the same type in a row","metadata":{}}"
008409,2026-08-11 23:09:51,2026-08-12T05:09:51.000Z,SAN LORENZO,DS-K1T673DWX-E120251027V044180ENGN3227937,422,"{"code":"TIME_TRACKING_ENTRY_DUPLICATE","message":"Can't create two entries of the same type in a row","metadata":{}}",422,"{"code":"TIME_TRACKING_ENTRY_DUPLICATE","message":"Can't create two entries of the same type in a row","metadata":{}}"
000913,2026-08-12 05:41:06,2026-08-12T11:41:06.000Z,MINATITLAN,DS-K1T673DWX-E120260212V044800ENGS8956847,422,"{"code":"TIME_TRACKING_ENTRY_DUPLICATE","message":"Can't create two entries of the same type in a row","metadata":{}}",422,"{"code":"TIME_TRACKING_ENTRY_DUPLICATE","message":"Can't create two entries of the same type in a row","metadata":{}}"
008647,2026-08-12 06:03:40,2026-08-12T12:03:40.000Z,SAN LORENZO,DS-K1T673DWX-E120251027V044180ENGN3227937,422,"{"code":"TIME_TRACKING_ENTRY_DUPLICATE","message":"Can't create two entries of the same type in a row","metadata":{}}",422,"{"code":"TIME_TRACKING_ENTRY_DUPLICATE","message":"Can't create two entries of the same type in a row","metadata":{}}"
002676,2026-08-12 07:40:22,2026-08-12T13:40:22.000Z,GUADALAJARA,DS-K1T673DWX-E120251027V044180ENGN3228223,422,"{"code":"TIME_TRACKING_ENTRY_DUPLICATE","message":"Can't create two entries of the same type in a row","metadata":{}}",422,"{"code":"TIME_TRACKING_ENTRY_DUPLICATE","message":"Can't create two entries of the same type in a row","metadata":{}}"
002776,2026-08-12 07:40:54,2026-08-12T13:40:54.000Z,GUADALAJARA,DS-K1T673DWX-E120251027V044180ENGN3228223,422,"{"code":"TIME_TRACKING_ENTRY_DUPLICATE","message":"Can't create two entries of the same type in a row","metadata":{}}",422,"{"code":"TIME_TRACKING_ENTRY_DUPLICATE","message":"Can't create two entries of the same type in a row","metadata":{}}"
002090,2026-08-12 09:10:27,2026-08-12T15:10:27.000Z,CORPORATIVO,DS-K1T673DWX-E120251027V044180ENGN3228248,422,"{"code":"TIME_TRACKING_ENTRY_DUPLICATE","message":"Can't create two entries of the same type in a row","metadata":{}}",422,"{"code":"TIME_TRACKING_ENTRY_DUPLICATE","message":"Can't create two entries of the same type in a row","metadata":{}}"
002239,2026-08-12 09:11:24,2026-08-12T15:11:24.000Z,CORPORATIVO,DS-K1T673DWX-E120251027V044180ENGN3228248,422,"{"code":"TIME_TRACKING_ENTRY_DUPLICATE","message":"Can't create two entries of the same type in a row","metadata":{}}",422,"{"code":"TIME_TRACKING_ENTRY_DUPLICATE","message":"Can't create two entries of the same type in a row","metadata":{}}"
002106,2026-08-12 10:09:33,2026-08-12T16:09:33.000Z,MONTERREY,DS-K1T673DWX-E120251027V044180ENGN3227924,422,"{"code":"TIME_TRACKING_ENTRY_DUPLICATE","message":"Can't create two entries of the same type in a row","metadata":{}}",422,"{"code":"TIME_TRACKING_ENTRY_DUPLICATE","message":"Can't create two entries of the same type in a row","metadata":{}}"
002719,2026-08-12 10:53:43,2026-08-12T16:53:43.000Z,GUADALAJARA,DS-K1T673DWX-E120251027V044180ENGN3228223,422,"{"code":"TIME_TRACKING_ENTRY_DUPLICATE","message":"Can't create two entries of the same type in a row","metadata":{}}",422,"{"code":"TIME_TRACKING_ENTRY_DUPLICATE","message":"Can't create two entries of the same type in a row","metadata":{}}"
008994,2026-08-12 11:32:14,2026-08-12T17:32:14.000Z,MINATITLAN,DS-K1T673DWX-E120260212V044800ENGS8956847,422,"{"code":"TIME_TRACKING_ENTRY_DUPLICATE","message":"Can't create two entries of the same type in a row","metadata":{}}",422,"{"code":"TIME_TRACKING_ENTRY_DUPLICATE","message":"Can't create two entries of the same type in a row","metadata":{}}"
110799,2026-08-12 12:52:48,2026-08-12T18:52:48.000Z,BURBUTEK,DS-K1T673DWX-E120260212V044800ENGS8956846,422,"{"code":"TIME_TRACKING_ENTRY_DUPLICATE","message":"Can't create two entries of the same type in a row","metadata":{}}",422,"{"code":"TIME_TRACKING_ENTRY_DUPLICATE","message":"Can't create two entries of the same type in a row","metadata":{}}"
110362,2026-08-12 12:53:42,2026-08-12T18:53:42.000Z,BURBUTEK,DS-K1T673DWX-E120260212V044800ENGS8956846,422,"{"code":"TIME_TRACKING_ENTRY_DUPLICATE","message":"Can't create two entries of the same type in a row","metadata":{}}",422,"{"code":"TIME_TRACKING_ENTRY_DUPLICATE","message":"Can't create two entries of the same type in a row","metadata":{}}"
100112,2026-08-12 13:01:23,2026-08-12T19:01:23.000Z,BURBUTEK,DS-K1T673DWX-E120260212V044800ENGS8956846,422,"{"code":"TIME_TRACKING_ENTRY_DUPLICATE","message":"Can't create two entries of the same type in a row","metadata":{}}",422,"{"code":"TIME_TRACKING_ENTRY_DUPLICATE","message":"Can't create two entries of the same type in a row","metadata":{}}"
100233,2026-08-12 13:02:38,2026-08-12T19:02:38.000Z,BURBUTEK,DS-K1T673DWX-E120260212V044800ENGS8956846,422,"{"code":"TIME_TRACKING_ENTRY_DUPLICATE","message":"Can't create two entries of the same type in a row","metadata":{}}",422,"{"code":"TIME_TRACKING_ENTRY_DUPLICATE","message":"Can't create two entries of the same type in a row","metadata":{}}"
100442,2026-08-12 13:02:49,2026-08-12T19:02:49.000Z,BURBUTEK,DS-K1T673DWX-E120260212V044800ENGS8956846,422,"{"code":"TIME_TRACKING_ENTRY_DUPLICATE","message":"Can't create two entries of the same type in a row","metadata":{}}",422,"{"code":"TIME_TRACKING_ENTRY_DUPLICATE","message":"Can't create two entries of the same type in a row","metadata":{}}"
100473,2026-08-12 13:03:00,2026-08-12T19:03:00.000Z,BURBUTEK,DS-K1T673DWX-E120260212V044800ENGS8956846,422,"{"code":"TIME_TRACKING_ENTRY_DUPLICATE","message":"Can't create two entries of the same type in a row","metadata":{}}",422,"{"code":"TIME_TRACKING_ENTRY_DUPLICATE","message":"Can't create two entries of the same type in a row","metadata":{}}"
002090,2026-08-12 13:10:15,2026-08-12T19:10:15.000Z,CORPORATIVO,DS-K1T673DWX-E120251027V044180ENGN3228248,422,"{"code":"TIME_TRACKING_ENTRY_DUPLICATE","message":"Can't create two entries of the same type in a row","metadata":{}}",422,"{"code":"TIME_TRACKING_ENTRY_DUPLICATE","message":"Can't create two entries of the same type in a row","metadata":{}}"
002803,2026-08-12 13:13:17,2026-08-12T19:13:17.000Z,CORPORATIVO,DS-K1T673DWX-E120251027V044180ENGN3228248,422,"{"code":"TIME_TRACKING_ENTRY_DUPLICATE","message":"Can't create two entries of the same type in a row","metadata":{}}",422,"{"code":"TIME_TRACKING_ENTRY_DUPLICATE","message":"Can't create two entries of the same type in a row","metadata":{}}"
002810,2026-08-12 13:48:31,2026-08-12T19:48:31.000Z,MINATITLAN,DS-K1T673DWX-E120260212V044800ENGS8956847,422,"{"code":"TIME_TRACKING_ENTRY_DUPLICATE","message":"Can't create two entries of the same type in a row","metadata":{}}",422,"{"code":"TIME_TRACKING_ENTRY_DUPLICATE","message":"Can't create two entries of the same type in a row","metadata":{}}"
110802,2026-08-12 13:56:13,2026-08-12T19:56:13.000Z,BURBUTEK,DS-K1T673DWX-E120260212V044800ENGS8956846,422,"{"code":"TIME_TRACKING_ENTRY_DUPLICATE","message":"Can't create two entries of the same type in a row","metadata":{}}",422,"{"code":"TIME_TRACKING_ENTRY_DUPLICATE","message":"Can't create two entries of the same type in a row","metadata":{}}"
100319,2026-08-12 14:03:54,2026-08-12T20:03:54.000Z,BURBUTEK,DS-K1T673DWX-E120260212V044800ENGS8956846,422,"{"code":"TIME_TRACKING_ENTRY_DUPLICATE","message":"Can't create two entries of the same type in a row","metadata":{}}",422,"{"code":"TIME_TRACKING_ENTRY_DUPLICATE","message":"Can't create two entries of the same type in a row","metadata":{}}"
110701,2026-08-12 14:04:29,2026-08-12T20:04:29.000Z,BURBUTEK,DS-K1T673DWX-E120260212V044800ENGS8956846,422,"{"code":"TIME_TRACKING_ENTRY_DUPLICATE","message":"Can't create two entries of the same type in a row","metadata":{}}",422,"{"code":"TIME_TRACKING_ENTRY_DUPLICATE","message":"Can't create two entries of the same type in a row","metadata":{}}"
002676,2026-08-12 14:05:20,2026-08-12T20:05:20.000Z,GUADALAJARA,DS-K1T673DWX-E120251027V044180ENGN3228223,422,"{"code":"TIME_TRACKING_ENTRY_DUPLICATE","message":"Can't create two entries of the same type in a row","metadata":{}}",422,"{"code":"TIME_TRACKING_ENTRY_DUPLICATE","message":"Can't create two entries of the same type in a row","metadata":{}}"
110263,2026-08-12 14:06:03,2026-08-12T20:06:03.000Z,BURBUTEK,DS-K1T673DWX-E120260212V044800ENGS8956846,422,"{"code":"TIME_TRACKING_ENTRY_DUPLICATE","message":"Can't create two entries of the same type in a row","metadata":{}}",422,"{"code":"TIME_TRACKING_ENTRY_DUPLICATE","message":"Can't create two entries of the same type in a row","metadata":{}}"
002813,2026-08-12 14:10:38,2026-08-12T20:10:38.000Z,MINATITLAN,DS-K1T673DWX-E120260212V044800ENGS8956847,422,"{"code":"TIME_TRACKING_ENTRY_DUPLICATE","message":"Can't create two entries of the same type in a row","metadata":{}}",422,"{"code":"TIME_TRACKING_ENTRY_DUPLICATE","message":"Can't create two entries of the same type in a row","metadata":{}}"
100431,2026-08-12 14:10:52,2026-08-12T20:10:52.000Z,BURBUTEK,DS-K1T673DWX-E120260212V044800ENGS8956846,422,"{"code":"TIME_TRACKING_ENTRY_DUPLICATE","message":"Can't create two entries of the same type in a row","metadata":{}}",422,"{"code":"TIME_TRACKING_ENTRY_DUPLICATE","message":"Can't create two entries of the same type in a row","metadata":{}}"
100436,2026-08-12 14:12:21,2026-08-12T20:12:21.000Z,BURBUTEK,DS-K1T673DWX-E120260212V044800ENGS8956846,422,"{"code":"TIME_TRACKING_ENTRY_DUPLICATE","message":"Can't create two entries of the same type in a row","metadata":{}}",422,"{"code":"TIME_TRACKING_ENTRY_DUPLICATE","message":"Can't create two entries of the same type in a row","metadata":{}}"
100453,2026-08-12 14:12:28,2026-08-12T20:12:28.000Z,BURBUTEK,DS-K1T673DWX-E120260212V044800ENGS8956846,422,"{"code":"TIME_TRACKING_ENTRY_DUPLICATE","message":"Can't create two entries of the same type in a row","metadata":{}}",422,"{"code":"TIME_TRACKING_ENTRY_DUPLICATE","message":"Can't create two entries of the same type in a row","metadata":{}}"
100098,2026-08-12 14:12:57,2026-08-12T20:12:57.000Z,BURBUTEK,DS-K1T673DWX-E120260212V044800ENGS8956846,422,"{"code":"TIME_TRACKING_ENTRY_DUPLICATE","message":"Can't create two entries of the same type in a row","metadata":{}}",422,"{"code":"TIME_TRACKING_ENTRY_DUPLICATE","message":"Can't create two entries of the same type in a row","metadata":{}}"
100074,2026-08-12 14:13:06,2026-08-12T20:13:06.000Z,BURBUTEK,DS-K1T673DWX-E120260212V044800ENGS8956846,422,"{"code":"TIME_TRACKING_ENTRY_DUPLICATE","message":"Can't create two entries of the same type in a row","metadata":{}}",422,"{"code":"TIME_TRACKING_ENTRY_DUPLICATE","message":"Can't create two entries of the same type in a row","metadata":{}}"
002802,2026-08-12 14:23:20,2026-08-12T20:23:20.000Z,SAN LORENZO,DS-K1T673DWX-E120251027V044180ENGN3227937,422,"{"code":"TIME_TRACKING_ENTRY_DUPLICATE","message":"Can't create two entries of the same type in a row","metadata":{}}",422,"{"code":"TIME_TRACKING_ENTRY_DUPLICATE","message":"Can't create two entries of the same type in a row","metadata":{}}"
100474,2026-08-12 14:25:23,2026-08-12T20:25:23.000Z,BURBUTEK,DS-K1T673DWX-E120260212V044800ENGS8956846,422,"{"code":"TIME_TRACKING_ENTRY_DUPLICATE","message":"Can't create two entries of the same type in a row","metadata":{}}",422,"{"code":"TIME_TRACKING_ENTRY_DUPLICATE","message":"Can't create two entries of the same type in a row","metadata":{}}"
100479,2026-08-12 14:43:29,2026-08-12T20:43:29.000Z,SAN LORENZO,DS-K1T673DWX-E120251027V044180ENGN3227937,422,"{"code":"TIME_TRACKING_ENTRY_DUPLICATE","message":"Can't create two entries of the same type in a row","metadata":{}}",422,"{"code":"TIME_TRACKING_ENTRY_DUPLICATE","message":"Can't create two entries of the same type in a row","metadata":{}}"
002804,2026-08-12 14:44:32,2026-08-12T20:44:32.000Z,SAN LORENZO,DS-K1T673DWX-E120251027V044180ENGN3227937,422,"{"code":"TIME_TRACKING_ENTRY_DUPLICATE","message":"Can't create two entries of the same type in a row","metadata":{}}",422,"{"code":"TIME_TRACKING_ENTRY_DUPLICATE","message":"Can't create two entries of the same type in a row","metadata":{}}"
100080,2026-08-12 14:44:52,2026-08-12T20:44:52.000Z,BURBUTEK,DS-K1T673DWX-E120260212V044800ENGS8956846,422,"{"code":"TIME_TRACKING_ENTRY_DUPLICATE","message":"Can't create two entries of the same type in a row","metadata":{}}",422,"{"code":"TIME_TRACKING_ENTRY_DUPLICATE","message":"Can't create two entries of the same type in a row","metadata":{}}"
002811,2026-08-12 14:49:14,2026-08-12T20:49:14.000Z,MINATITLAN,DS-K1T673DWX-E120260212V044800ENGS8956847,422,"{"code":"TIME_TRACKING_ENTRY_DUPLICATE","message":"Can't create two entries of the same type in a row","metadata":{}}",422,"{"code":"TIME_TRACKING_ENTRY_DUPLICATE","message":"Can't create two entries of the same type in a row","metadata":{}}"
001316,2026-08-12 14:55:12,2026-08-12T20:55:12.000Z,MINATITLAN,DS-K1T673DWX-E120260212V044800ENGS8956847,422,"{"code":"TIME_TRACKING_ENTRY_DUPLICATE","message":"Can't create two entries of the same type in a row","metadata":{}}",422,"{"code":"TIME_TRACKING_ENTRY_DUPLICATE","message":"Can't create two entries of the same type in a row","metadata":{}}"
009059,2026-08-12 15:00:13,2026-08-12T21:00:13.000Z,MINATITLAN,DS-K1T673DWX-E120260212V044800ENGS8956847,422,"{"code":"TIME_TRACKING_ENTRY_DUPLICATE","message":"Can't create two entries of the same type in a row","metadata":{}}",422,"{"code":"TIME_TRACKING_ENTRY_DUPLICATE","message":"Can't create two entries of the same type in a row","metadata":{}}"
002090,2026-08-12 15:00:54,2026-08-12T21:00:54.000Z,CORPORATIVO,DS-K1T673DWX-E120251027V044180ENGN3228248,422,"{"code":"TIME_TRACKING_ENTRY_DUPLICATE","message":"Can't create two entries of the same type in a row","metadata":{}}",422,"{"code":"TIME_TRACKING_ENTRY_DUPLICATE","message":"Can't create two entries of the same type in a row","metadata":{}}"
007634,2026-08-12 15:02:45,2026-08-12T21:02:45.000Z,MINATITLAN,DS-K1T673DWX-E120260212V044800ENGS8956847,422,"{"code":"TIME_TRACKING_ENTRY_DUPLICATE","message":"Can't create two entries of the same type in a row","metadata":{}}",422,"{"code":"TIME_TRACKING_ENTRY_DUPLICATE","message":"Can't create two entries of the same type in a row","metadata":{}}"
008954,2026-08-12 15:08:50,2026-08-12T21:08:50.000Z,MONTERREY,DS-K1T673DWX-E120251027V044180ENGN3227924,422,"{"code":"TIME_TRACKING_ENTRY_DUPLICATE","message":"Can't create two entries of the same type in a row","metadata":{}}",422,"{"code":"TIME_TRACKING_ENTRY_DUPLICATE","message":"Can't create two entries of the same type in a row","metadata":{}}"
002767,2026-08-12 15:32:14,2026-08-12T21:32:14.000Z,MINATITLAN,DS-K1T673DWX-E120260212V044800ENGS8956847,422,"{"code":"TIME_TRACKING_ENTRY_DUPLICATE","message":"Can't create two entries of the same type in a row","metadata":{}}",422,"{"code":"TIME_TRACKING_ENTRY_DUPLICATE","message":"Can't create two entries of the same type in a row","metadata":{}}"
002664,2026-08-12 15:37:17,2026-08-12T21:37:17.000Z,CORPORATIVO,DS-K1T673DWX-E120251027V044180ENGN3228248,422,"{"code":"TIME_TRACKING_ENTRY_DUPLICATE","message":"Can't create two entries of the same type in a row","metadata":{}}",422,"{"code":"TIME_TRACKING_ENTRY_DUPLICATE","message":"Can't create two entries of the same type in a row","metadata":{}}"
100268,2026-08-12 16:23:07,2026-08-12T22:23:07.000Z,BURBUTEK,DS-K1T673DWX-E120260212V044800ENGS8956846,422,"{"code":"TIME_TRACKING_ENTRY_DUPLICATE","message":"Can't create two entries of the same type in a row","metadata":{}}",422,"{"code":"TIME_TRACKING_ENTRY_DUPLICATE","message":"Can't create two entries of the same type in a row","metadata":{}}"
002662,2026-08-12 16:30:20,2026-08-12T22:30:20.000Z,MINATITLAN,DS-K1T673DWX-E120260212V044800ENGS8956847,422,"{"code":"TIME_TRACKING_ENTRY_DUPLICATE","message":"Can't create two entries of the same type in a row","metadata":{}}",422,"{"code":"TIME_TRACKING_ENTRY_DUPLICATE","message":"Can't create two entries of the same type in a row","metadata":{}}"
002239,2026-08-12 16:49:10,2026-08-12T22:49:10.000Z,CORPORATIVO,DS-K1T673DWX-E120251027V044180ENGN3228248,422,"{"code":"TIME_TRACKING_ENTRY_DUPLICATE","message":"Can't create two entries of the same type in a row","metadata":{}}",422,"{"code":"TIME_TRACKING_ENTRY_DUPLICATE","message":"Can't create two entries of the same type in a row","metadata":{}}"
002626,2026-08-12 17:11:04,2026-08-12T23:11:04.000Z,TEXCOCO,DS-K1T673DWX-E120251027V044180ENGN3228057,422,"{"code":"TIME_TRACKING_ENTRY_DUPLICATE","message":"Can't create two entries of the same type in a row","metadata":{}}",422,"{"code":"TIME_TRACKING_ENTRY_DUPLICATE","message":"Can't create two entries of the same type in a row","metadata":{}}"
002735,2026-08-12 17:11:15,2026-08-12T23:11:15.000Z,MINATITLAN,DS-K1T673DWX-E120260212V044800ENGS8956847,422,"{"code":"TIME_TRACKING_ENTRY_DUPLICATE","message":"Can't create two entries of the same type in a row","metadata":{}}",422,"{"code":"TIME_TRACKING_ENTRY_DUPLICATE","message":"Can't create two entries of the same type in a row","metadata":{}}"
100268,2026-08-12 17:18:32,2026-08-12T23:18:32.000Z,BURBUTEK,DS-K1T673DWX-E120260212V044800ENGS8956846,422,"{"code":"TIME_TRACKING_ENTRY_DUPLICATE","message":"Can't create two entries of the same type in a row","metadata":{}}",422,"{"code":"TIME_TRACKING_ENTRY_DUPLICATE","message":"Can't create two entries of the same type in a row","metadata":{}}"
100481,2026-08-12 17:18:55,2026-08-12T23:18:55.000Z,BURBUTEK,DS-K1T673DWX-E120260212V044800ENGS8956846,422,"{"code":"TIME_TRACKING_ENTRY_DUPLICATE","message":"Can't create two entries of the same type in a row","metadata":{}}",422,"{"code":"TIME_TRACKING_ENTRY_DUPLICATE","message":"Can't create two entries of the same type in a row","metadata":{}}"
001440,2026-08-12 17:38:42,2026-08-12T23:38:42.000Z,MINATITLAN,DS-K1T673DWX-E120260212V044800ENGS8956847,422,"{"code":"TIME_TRACKING_ENTRY_DUPLICATE","message":"Can't create two entries of the same type in a row","metadata":{}}",422,"{"code":"TIME_TRACKING_ENTRY_DUPLICATE","message":"Can't create two entries of the same type in a row","metadata":{}}"
008916,2026-08-12 18:07:14,2026-08-13T00:07:14.000Z,MINATITLAN,DS-K1T673DWX-E120260212V044800ENGS8956847,422,"{"code":"TIME_TRACKING_ENTRY_DUPLICATE","message":"Can't create two entries of the same type in a row","metadata":{}}",422,"{"code":"TIME_TRACKING_ENTRY_DUPLICATE","message":"Can't create two entries of the same type in a row","metadata":{}}"
008827,2026-08-12 18:33:03,2026-08-13T00:33:03.000Z,MINATITLAN,DS-K1T673DWX-E120260212V044800ENGS8956847,422,"{"code":"TIME_TRACKING_ENTRY_DUPLICATE","message":"Can't create two entries of the same type in a row","metadata":{}}",422,"{"code":"TIME_TRACKING_ENTRY_DUPLICATE","message":"Can't create two entries of the same type in a row","metadata":{}}"
007820,2026-08-12 18:34:41,2026-08-13T00:34:41.000Z,MINATITLAN,DS-K1T673DWX-E120260212V044800ENGS8956847,422,"{"code":"TIME_TRACKING_ENTRY_DUPLICATE","message":"Can't create two entries of the same type in a row","metadata":{}}",422,"{"code":"TIME_TRACKING_ENTRY_DUPLICATE","message":"Can't create two entries of the same type in a row","metadata":{}}"
008481,2026-08-12 18:41:29,2026-08-13T00:41:29.000Z,MINATITLAN,DS-K1T673DWX-E120260212V044800ENGS8956847,422,"{"code":"TIME_TRACKING_ENTRY_DUPLICATE","message":"Can't create two entries of the same type in a row","metadata":{}}",422,"{"code":"TIME_TRACKING_ENTRY_DUPLICATE","message":"Can't create two entries of the same type in a row","metadata":{}}"
008866,2026-08-12 18:41:40,2026-08-13T00:41:40.000Z,MINATITLAN,DS-K1T673DWX-E120260212V044800ENGS8956847,422,"{"code":"TIME_TRACKING_ENTRY_DUPLICATE","message":"Can't create two entries of the same type in a row","metadata":{}}",422,"{"code":"TIME_TRACKING_ENTRY_DUPLICATE","message":"Can't create two entries of the same type in a row","metadata":{}}"
009031,2026-08-12 18:41:59,2026-08-13T00:41:59.000Z,MINATITLAN,DS-K1T673DWX-E120260212V044800ENGS8956847,422,"{"code":"TIME_TRACKING_ENTRY_DUPLICATE","message":"Can't create two entries of the same type in a row","metadata":{}}",422,"{"code":"TIME_TRACKING_ENTRY_DUPLICATE","message":"Can't create two entries of the same type in a row","metadata":{}}"
008004,2026-08-12 18:59:31,2026-08-13T00:59:31.000Z,SAN LORENZO,DS-K1T673DWX-E120251027V044180ENGN3227937,422,"{"code":"TIME_TRACKING_ENTRY_DUPLICATE","message":"Can't create two entries of the same type in a row","metadata":{}}",422,"{"code":"TIME_TRACKING_ENTRY_DUPLICATE","message":"Can't create two entries of the same type in a row","metadata":{}}"
008622,2026-08-12 18:59:47,2026-08-13T00:59:47.000Z,SAN LORENZO,DS-K1T673DWX-E120251027V044180ENGN3227937,422,"{"code":"TIME_TRACKING_ENTRY_DUPLICATE","message":"Can't create two entries of the same type in a row","metadata":{}}",422,"{"code":"TIME_TRACKING_ENTRY_DUPLICATE","message":"Can't create two entries of the same type in a row","metadata":{}}"
007017,2026-08-12 19:00:01,2026-08-13T01:00:01.000Z,SAN LORENZO,DS-K1T673DWX-E120251027V044180ENGN3227937,422,"{"code":"TIME_TRACKING_ENTRY_DUPLICATE","message":"Can't create two entries of the same type in a row","metadata":{}}",422,"{"code":"TIME_TRACKING_ENTRY_DUPLICATE","message":"Can't create two entries of the same type in a row","metadata":{}}"
008694,2026-08-12 19:02:03,2026-08-13T01:02:03.000Z,MINATITLAN,DS-K1T673DWX-E120260212V044800ENGS8956847,422,"{"code":"TIME_TRACKING_ENTRY_DUPLICATE","message":"Can't create two entries of the same type in a row","metadata":{}}",422,"{"code":"TIME_TRACKING_ENTRY_DUPLICATE","message":"Can't create two entries of the same type in a row","metadata":{}}"
009034,2026-08-12 19:02:12,2026-08-13T01:02:12.000Z,MINATITLAN,DS-K1T673DWX-E120260212V044800ENGS8956847,422,"{"code":"TIME_TRACKING_ENTRY_DUPLICATE","message":"Can't create two entries of the same type in a row","metadata":{}}",422,"{"code":"TIME_TRACKING_ENTRY_DUPLICATE","message":"Can't create two entries of the same type in a row","metadata":{}}"
008075,2026-08-12 19:02:19,2026-08-13T01:02:19.000Z,MINATITLAN,DS-K1T673DWX-E120260212V044800ENGS8956847,422,"{"code":"TIME_TRACKING_ENTRY_DUPLICATE","message":"Can't create two entries of the same type in a row","metadata":{}}",422,"{"code":"TIME_TRACKING_ENTRY_DUPLICATE","message":"Can't create two entries of the same type in a row","metadata":{}}"
008962,2026-08-12 19:30:26,2026-08-13T01:30:26.000Z,MINATITLAN,DS-K1T673DWX-E120260212V044800ENGS8956847,422,"{"code":"TIME_TRACKING_ENTRY_DUPLICATE","message":"Can't create two entries of the same type in a row","metadata":{}}",422,"{"code":"TIME_TRACKING_ENTRY_DUPLICATE","message":"Can't create two entries of the same type in a row","metadata":{}}"
008544,2026-08-12 19:31:36,2026-08-13T01:31:36.000Z,MINATITLAN,DS-K1T673DWX-E120260212V044800ENGS8956847,422,"{"code":"TIME_TRACKING_ENTRY_DUPLICATE","message":"Can't create two entries of the same type in a row","metadata":{}}",422,"{"code":"TIME_TRACKING_ENTRY_DUPLICATE","message":"Can't create two entries of the same type in a row","metadata":{}}"
007940,2026-08-12 19:57:40,2026-08-13T01:57:40.000Z,MINATITLAN,DS-K1T673DWX-E120260212V044800ENGS8956847,422,"{"code":"TIME_TRACKING_ENTRY_DUPLICATE","message":"Can't create two entries of the same type in a row","metadata":{}}",422,"{"code":"TIME_TRACKING_ENTRY_DUPLICATE","message":"Can't create two entries of the same type in a row","metadata":{}}"
002383,2026-08-13 09:39:32,2026-08-13T15:39:32.000Z,CORPORATIVO,DS-K1T673DWX-E120251027V044180ENGN3228248,422,"{"code":"TIME_TRACKING_ENTRY_DUPLICATE","message":"Can't create two entries of the same type in a row","metadata":{}}",422,"{"code":"TIME_TRACKING_ENTRY_DUPLICATE","message":"Can't create two entries of the same type in a row","metadata":{}}"
000950,2026-08-13 09:40:06,2026-08-13T15:40:06.000Z,CORPORATIVO,DS-K1T673DWX-E120251027V044180ENGN3228248,422,"{"code":"TIME_TRACKING_ENTRY_DUPLICATE","message":"Can't create two entries of the same type in a row","metadata":{}}",422,"{"code":"TIME_TRACKING_ENTRY_DUPLICATE","message":"Can't create two entries of the same type in a row","metadata":{}}"
002750,2026-08-13 09:40:42,2026-08-13T15:40:42.000Z,CORPORATIVO,DS-K1T673DWX-E120251027V044180ENGN3228248,422,"{"code":"TIME_TRACKING_ENTRY_DUPLICATE","message":"Can't create two entries of the same type in a row","metadata":{}}",422,"{"code":"TIME_TRACKING_ENTRY_DUPLICATE","message":"Can't create two entries of the same type in a row","metadata":{}}"
002814,2026-08-13 10:18:10,2026-08-13T16:18:10.000Z,CORPORATIVO,DS-K1T673DWX-E120251027V044180ENGN3228248,422,"{"code":"TIME_TRACKING_ENTRY_DUPLICATE","message":"Can't create two entries of the same type in a row","metadata":{}}",422,"{"code":"TIME_TRACKING_ENTRY_DUPLICATE","message":"Can't create two entries of the same type in a row","metadata":{}}"
008994,2026-08-13 11:32:16,2026-08-13T17:32:16.000Z,MINATITLAN,DS-K1T673DWX-E120260212V044800ENGS8956847,422,"{"code":"TIME_TRACKING_ENTRY_DUPLICATE","message":"Can't create two entries of the same type in a row","metadata":{}}",422,"{"code":"TIME_TRACKING_ENTRY_DUPLICATE","message":"Can't create two entries of the same type in a row","metadata":{}}"
002807,2026-08-13 13:00:35,2026-08-13T19:00:35.000Z,CORPORATIVO,DS-K1T673DWX-E120251027V044180ENGN3228248,422,"{"code":"TIME_TRACKING_ENTRY_DUPLICATE","message":"Can't create two entries of the same type in a row","metadata":{}}",422,"{"code":"TIME_TRACKING_ENTRY_DUPLICATE","message":"Can't create two entries of the same type in a row","metadata":{}}"
110799,2026-08-13 13:15:35,2026-08-13T19:15:35.000Z,BURBUTEK,DS-K1T673DWX-E120260212V044800ENGS8956846,422,"{"code":"TIME_TRACKING_ENTRY_DUPLICATE","message":"Can't create two entries of the same type in a row","metadata":{}}",422,"{"code":"TIME_TRACKING_ENTRY_DUPLICATE","message":"Can't create two entries of the same type in a row","metadata":{}}"
110630,2026-08-13 13:16:02,2026-08-13T19:16:02.000Z,BURBUTEK,DS-K1T673DWX-E120260212V044800ENGS8956846,422,"{"code":"TIME_TRACKING_ENTRY_DUPLICATE","message":"Can't create two entries of the same type in a row","metadata":{}}",422,"{"code":"TIME_TRACKING_ENTRY_DUPLICATE","message":"Can't create two entries of the same type in a row","metadata":{}}"
002803,2026-08-13 13:27:33,2026-08-13T19:27:33.000Z,CORPORATIVO,DS-K1T673DWX-E120251027V044180ENGN3228248,422,"{"code":"TIME_TRACKING_ENTRY_DUPLICATE","message":"Can't create two entries of the same type in a row","metadata":{}}",422,"{"code":"TIME_TRACKING_ENTRY_DUPLICATE","message":"Can't create two entries of the same type in a row","metadata":{}}"
100473,2026-08-13 13:36:01,2026-08-13T19:36:01.000Z,BURBUTEK,DS-K1T673DWX-E120260212V044800ENGS8956846,422,"{"code":"TIME_TRACKING_ENTRY_DUPLICATE","message":"Can't create two entries of the same type in a row","metadata":{}}",422,"{"code":"TIME_TRACKING_ENTRY_DUPLICATE","message":"Can't create two entries of the same type in a row","metadata":{}}"
100233,2026-08-13 13:36:09,2026-08-13T19:36:09.000Z,BURBUTEK,DS-K1T673DWX-E120260212V044800ENGS8956846,422,"{"code":"TIME_TRACKING_ENTRY_DUPLICATE","message":"Can't create two entries of the same type in a row","metadata":{}}",422,"{"code":"TIME_TRACKING_ENTRY_DUPLICATE","message":"Can't create two entries of the same type in a row","metadata":{}}"
100442,2026-08-13 13:36:16,2026-08-13T19:36:16.000Z,BURBUTEK,DS-K1T673DWX-E120260212V044800ENGS8956846,422,"{"code":"TIME_TRACKING_ENTRY_DUPLICATE","message":"Can't create two entries of the same type in a row","metadata":{}}",422,"{"code":"TIME_TRACKING_ENTRY_DUPLICATE","message":"Can't create two entries of the same type in a row","metadata":{}}"
100112,2026-08-13 13:36:50,2026-08-13T19:36:50.000Z,BURBUTEK,DS-K1T673DWX-E120260212V044800ENGS8956846,422,"{"code":"TIME_TRACKING_ENTRY_DUPLICATE","message":"Can't create two entries of the same type in a row","metadata":{}}",422,"{"code":"TIME_TRACKING_ENTRY_DUPLICATE","message":"Can't create two entries of the same type in a row","metadata":{}}"
110362,2026-08-13 13:56:52,2026-08-13T19:56:52.000Z,BURBUTEK,DS-K1T673DWX-E120260212V044800ENGS8956846,422,"{"code":"TIME_TRACKING_ENTRY_DUPLICATE","message":"Can't create two entries of the same type in a row","metadata":{}}",422,"{"code":"TIME_TRACKING_ENTRY_DUPLICATE","message":"Can't create two entries of the same type in a row","metadata":{}}"
100431,2026-08-13 14:00:23,2026-08-13T20:00:23.000Z,BURBUTEK,DS-K1T673DWX-E120260212V044800ENGS8956846,422,"{"code":"TIME_TRACKING_ENTRY_DUPLICATE","message":"Can't create two entries of the same type in a row","metadata":{}}",422,"{"code":"TIME_TRACKING_ENTRY_DUPLICATE","message":"Can't create two entries of the same type in a row","metadata":{}}"
000913,2026-08-13 14:00:51,2026-08-13T20:00:51.000Z,MINATITLAN,DS-K1T673DWX-E120260212V044800ENGS8956847,422,"{"code":"TIME_TRACKING_ENTRY_DUPLICATE","message":"Can't create two entries of the same type in a row","metadata":{}}",422,"{"code":"TIME_TRACKING_ENTRY_DUPLICATE","message":"Can't create two entries of the same type in a row","metadata":{}}"
110802,2026-08-13 14:16:42,2026-08-13T20:16:42.000Z,BURBUTEK,DS-K1T673DWX-E120260212V044800ENGS8956846,422,"{"code":"TIME_TRACKING_ENTRY_DUPLICATE","message":"Can't create two entries of the same type in a row","metadata":{}}",422,"{"code":"TIME_TRACKING_ENTRY_DUPLICATE","message":"Can't create two entries of the same type in a row","metadata":{}}"
100476,2026-08-13 14:18:45,2026-08-13T20:18:45.000Z,BURBUTEK,DS-K1T673DWX-E120260212V044800ENGS8956846,422,"{"code":"TIME_TRACKING_ENTRY_DUPLICATE","message":"Can't create two entries of the same type in a row","metadata":{}}",422,"{"code":"TIME_TRACKING_ENTRY_DUPLICATE","message":"Can't create two entries of the same type in a row","metadata":{}}"
007558,2026-08-13 14:24:01,2026-08-13T20:24:01.000Z,MINATITLAN,DS-K1T673DWX-E120260212V044800ENGS8956847,422,"{"code":"TIME_TRACKING_ENTRY_DUPLICATE","message":"Can't create two entries of the same type in a row","metadata":{}}",422,"{"code":"TIME_TRACKING_ENTRY_DUPLICATE","message":"Can't create two entries of the same type in a row","metadata":{}}"
002802,2026-08-13 14:25:14,2026-08-13T20:25:14.000Z,SAN LORENZO,DS-K1T673DWX-E120251027V044180ENGN3227937,422,"{"code":"TIME_TRACKING_ENTRY_DUPLICATE","message":"Can't create two entries of the same type in a row","metadata":{}}",422,"{"code":"TIME_TRACKING_ENTRY_DUPLICATE","message":"Can't create two entries of the same type in a row","metadata":{}}"
002813,2026-08-13 14:27:38,2026-08-13T20:27:38.000Z,MINATITLAN,DS-K1T673DWX-E120260212V044800ENGS8956847,422,"{"code":"TIME_TRACKING_ENTRY_DUPLICATE","message":"Can't create two entries of the same type in a row","metadata":{}}",422,"{"code":"TIME_TRACKING_ENTRY_DUPLICATE","message":"Can't create two entries of the same type in a row","metadata":{}}"
110674,2026-08-13 14:32:40,2026-08-13T20:32:40.000Z,BURBUTEK,DS-K1T673DWX-E120260212V044800ENGS8956846,422,"{"code":"TIME_TRACKING_ENTRY_DUPLICATE","message":"Can't create two entries of the same type in a row","metadata":{}}",422,"{"code":"TIME_TRACKING_ENTRY_DUPLICATE","message":"Can't create two entries of the same type in a row","metadata":{}}"
110263,2026-08-13 14:32:47,2026-08-13T20:32:47.000Z,BURBUTEK,DS-K1T673DWX-E120260212V044800ENGS8956846,422,"{"code":"TIME_TRACKING_ENTRY_DUPLICATE","message":"Can't create two entries of the same type in a row","metadata":{}}",422,"{"code":"TIME_TRACKING_ENTRY_DUPLICATE","message":"Can't create two entries of the same type in a row","metadata":{}}"
001316,2026-08-13 14:36:35,2026-08-13T20:36:35.000Z,MINATITLAN,DS-K1T673DWX-E120260212V044800ENGS8956847,422,"{"code":"TIME_TRACKING_ENTRY_DUPLICATE","message":"Can't create two entries of the same type in a row","metadata":{}}",422,"{"code":"TIME_TRACKING_ENTRY_DUPLICATE","message":"Can't create two entries of the same type in a row","metadata":{}}"
100414,2026-08-13 14:37:09,2026-08-13T20:37:09.000Z,BURBUTEK,DS-K1T673DWX-E120260212V044800ENGS8956846,422,"{"code":"TIME_TRACKING_ENTRY_DUPLICATE","message":"Can't create two entries of the same type in a row","metadata":{}}",422,"{"code":"TIME_TRACKING_ENTRY_DUPLICATE","message":"Can't create two entries of the same type in a row","metadata":{}}"
100479,2026-08-13 14:37:23,2026-08-13T20:37:23.000Z,BURBUTEK,DS-K1T673DWX-E120260212V044800ENGS8956846,422,"{"code":"TIME_TRACKING_ENTRY_DUPLICATE","message":"Can't create two entries of the same type in a row","metadata":{}}",422,"{"code":"TIME_TRACKING_ENTRY_DUPLICATE","message":"Can't create two entries of the same type in a row","metadata":{}}"
100436,2026-08-13 14:37:52,2026-08-13T20:37:52.000Z,BURBUTEK,DS-K1T673DWX-E120260212V044800ENGS8956846,422,"{"code":"TIME_TRACKING_ENTRY_DUPLICATE","message":"Can't create two entries of the same type in a row","metadata":{}}",422,"{"code":"TIME_TRACKING_ENTRY_DUPLICATE","message":"Can't create two entries of the same type in a row","metadata":{}}"
100453,2026-08-13 14:37:58,2026-08-13T20:37:58.000Z,BURBUTEK,DS-K1T673DWX-E120260212V044800ENGS8956846,422,"{"code":"TIME_TRACKING_ENTRY_DUPLICATE","message":"Can't create two entries of the same type in a row","metadata":{}}",422,"{"code":"TIME_TRACKING_ENTRY_DUPLICATE","message":"Can't create two entries of the same type in a row","metadata":{}}"
002207,2026-08-13 14:42:33,2026-08-13T20:42:33.000Z,MINATITLAN,DS-K1T673DWX-E120260212V044800ENGS8956847,422,"{"code":"TIME_TRACKING_ENTRY_DUPLICATE","message":"Can't create two entries of the same type in a row","metadata":{}}",422,"{"code":"TIME_TRACKING_ENTRY_DUPLICATE","message":"Can't create two entries of the same type in a row","metadata":{}}"
100074,2026-08-13 14:47:38,2026-08-13T20:47:38.000Z,BURBUTEK,DS-K1T673DWX-E120260212V044800ENGS8956846,422,"{"code":"TIME_TRACKING_ENTRY_DUPLICATE","message":"Can't create two entries of the same type in a row","metadata":{}}",422,"{"code":"TIME_TRACKING_ENTRY_DUPLICATE","message":"Can't create two entries of the same type in a row","metadata":{}}"
100098,2026-08-13 14:47:44,2026-08-13T20:47:44.000Z,BURBUTEK,DS-K1T673DWX-E120260212V044800ENGS8956846,422,"{"code":"TIME_TRACKING_ENTRY_DUPLICATE","message":"Can't create two entries of the same type in a row","metadata":{}}",422,"{"code":"TIME_TRACKING_ENTRY_DUPLICATE","message":"Can't create two entries of the same type in a row","metadata":{}}"
002804,2026-08-13 14:54:50,2026-08-13T20:54:50.000Z,SAN LORENZO,DS-K1T673DWX-E120251027V044180ENGN3227937,422,"{"code":"TIME_TRACKING_ENTRY_DUPLICATE","message":"Can't create two entries of the same type in a row","metadata":{}}",422,"{"code":"TIME_TRACKING_ENTRY_DUPLICATE","message":"Can't create two entries of the same type in a row","metadata":{}}"
002801,2026-08-13 15:00:41,2026-08-13T21:00:41.000Z,CORPORATIVO,DS-K1T673DWX-E120251027V044180ENGN3228248,422,"{"code":"TIME_TRACKING_ENTRY_DUPLICATE","message":"Can't create two entries of the same type in a row","metadata":{}}",422,"{"code":"TIME_TRACKING_ENTRY_DUPLICATE","message":"Can't create two entries of the same type in a row","metadata":{}}"
002477,2026-08-13 15:00:53,2026-08-13T21:00:53.000Z,SAN LORENZO,DS-K1T673DWX-E120251027V044180ENGN3227937,422,"{"code":"TIME_TRACKING_ENTRY_DUPLICATE","message":"Can't create two entries of the same type in a row","metadata":{}}",422,"{"code":"TIME_TRACKING_ENTRY_DUPLICATE","message":"Can't create two entries of the same type in a row","metadata":{}}"
002674,2026-08-13 15:01:04,2026-08-13T21:01:04.000Z,SAN LORENZO,DS-K1T673DWX-E120251027V044180ENGN3227937,422,"{"code":"TIME_TRACKING_ENTRY_DUPLICATE","message":"Can't create two entries of the same type in a row","metadata":{}}",422,"{"code":"TIME_TRACKING_ENTRY_DUPLICATE","message":"Can't create two entries of the same type in a row","metadata":{}}"
002662,2026-08-13 15:23:05,2026-08-13T21:23:05.000Z,MINATITLAN,DS-K1T673DWX-E120260212V044800ENGS8956847,422,"{"code":"TIME_TRACKING_ENTRY_DUPLICATE","message":"Can't create two entries of the same type in a row","metadata":{}}",422,"{"code":"TIME_TRACKING_ENTRY_DUPLICATE","message":"Can't create two entries of the same type in a row","metadata":{}}"
009059,2026-08-13 15:29:24,2026-08-13T21:29:24.000Z,MINATITLAN,DS-K1T673DWX-E120260212V044800ENGS8956847,422,"{"code":"TIME_TRACKING_ENTRY_DUPLICATE","message":"Can't create two entries of the same type in a row","metadata":{}}",422,"{"code":"TIME_TRACKING_ENTRY_DUPLICATE","message":"Can't create two entries of the same type in a row","metadata":{}}"
008223,2026-08-13 15:39:50,2026-08-13T21:39:50.000Z,MINATITLAN,DS-K1T673DWX-E120260212V044800ENGS8956847,422,"{"code":"TIME_TRACKING_ENTRY_DUPLICATE","message":"Can't create two entries of the same type in a row","metadata":{}}",422,"{"code":"TIME_TRACKING_ENTRY_DUPLICATE","message":"Can't create two entries of the same type in a row","metadata":{}}"
100268,2026-08-13 16:17:11,2026-08-13T22:17:11.000Z,BURBUTEK,DS-K1T673DWX-E120260212V044800ENGS8956846,422,"{"code":"TIME_TRACKING_ENTRY_DUPLICATE","message":"Can't create two entries of the same type in a row","metadata":{}}",422,"{"code":"TIME_TRACKING_ENTRY_DUPLICATE","message":"Can't create two entries of the same type in a row","metadata":{}}"
002239,2026-08-13 17:16:25,2026-08-13T23:16:25.000Z,CORPORATIVO,DS-K1T673DWX-E120251027V044180ENGN3228248,422,"{"code":"TIME_TRACKING_ENTRY_DUPLICATE","message":"Can't create two entries of the same type in a row","metadata":{}}",422,"{"code":"TIME_TRACKING_ENTRY_DUPLICATE","message":"Can't create two entries of the same type in a row","metadata":{}}"
100481,2026-08-13 17:20:40,2026-08-13T23:20:40.000Z,BURBUTEK,DS-K1T673DWX-E120260212V044800ENGS8956846,422,"{"code":"TIME_TRACKING_ENTRY_DUPLICATE","message":"Can't create two entries of the same type in a row","metadata":{}}",422,"{"code":"TIME_TRACKING_ENTRY_DUPLICATE","message":"Can't create two entries of the same type in a row","metadata":{}}"
110701,2026-08-13 17:24:19,2026-08-13T23:24:19.000Z,BURBUTEK,DS-K1T673DWX-E120260212V044800ENGS8956846,422,"{"code":"TIME_TRACKING_ENTRY_DUPLICATE","message":"Can't create two entries of the same type in a row","metadata":{}}",422,"{"code":"TIME_TRACKING_ENTRY_DUPLICATE","message":"Can't create two entries of the same type in a row","metadata":{}}"
001720,2026-08-13 17:47:04,2026-08-13T23:47:04.000Z,MINATITLAN,DS-K1T673DWX-E120260212V044800ENGS8956847,422,"{"code":"TIME_TRACKING_ENTRY_DUPLICATE","message":"Can't create two entries of the same type in a row","metadata":{}}",422,"{"code":"TIME_TRACKING_ENTRY_DUPLICATE","message":"Can't create two entries of the same type in a row","metadata":{}}"
002521,2026-08-13 18:00:51,2026-08-14T00:00:51.000Z,MONTERREY,DS-K1T673DWX-E120251027V044180ENGN3227924,422,"{"code":"TIME_TRACKING_ENTRY_DUPLICATE","message":"Can't create two entries of the same type in a row","metadata":{}}",422,"{"code":"TIME_TRACKING_ENTRY_DUPLICATE","message":"Can't create two entries of the same type in a row","metadata":{}}"
007820,2026-08-13 18:04:16,2026-08-14T00:04:16.000Z,MINATITLAN,DS-K1T673DWX-E120260212V044800ENGS8956847,422,"{"code":"TIME_TRACKING_ENTRY_DUPLICATE","message":"Can't create two entries of the same type in a row","metadata":{}}",422,"{"code":"TIME_TRACKING_ENTRY_DUPLICATE","message":"Can't create two entries of the same type in a row","metadata":{}}"
008880,2026-08-13 18:04:22,2026-08-14T00:04:22.000Z,MINATITLAN,DS-K1T673DWX-E120260212V044800ENGS8956847,422,"{"code":"TIME_TRACKING_ENTRY_DUPLICATE","message":"Can't create two entries of the same type in a row","metadata":{}}",422,"{"code":"TIME_TRACKING_ENTRY_DUPLICATE","message":"Can't create two entries of the same type in a row","metadata":{}}"
008916,2026-08-13 18:04:29,2026-08-14T00:04:29.000Z,MINATITLAN,DS-K1T673DWX-E120260212V044800ENGS8956847,422,"{"code":"TIME_TRACKING_ENTRY_DUPLICATE","message":"Can't create two entries of the same type in a row","metadata":{}}",422,"{"code":"TIME_TRACKING_ENTRY_DUPLICATE","message":"Can't create two entries of the same type in a row","metadata":{}}"
008866,2026-08-13 18:59:49,2026-08-14T00:59:49.000Z,MINATITLAN,DS-K1T673DWX-E120260212V044800ENGS8956847,422,"{"code":"TIME_TRACKING_ENTRY_DUPLICATE","message":"Can't create two entries of the same type in a row","metadata":{}}",422,"{"code":"TIME_TRACKING_ENTRY_DUPLICATE","message":"Can't create two entries of the same type in a row","metadata":{}}"
009031,2026-08-13 19:00:24,2026-08-14T01:00:24.000Z,MINATITLAN,DS-K1T673DWX-E120260212V044800ENGS8956847,422,"{"code":"TIME_TRACKING_ENTRY_DUPLICATE","message":"Can't create two entries of the same type in a row","metadata":{}}",422,"{"code":"TIME_TRACKING_ENTRY_DUPLICATE","message":"Can't create two entries of the same type in a row","metadata":{}}"
002705,2026-08-13 19:00:30,2026-08-14T01:00:30.000Z,GUADALAJARA,DS-K1T673DWX-E120251027V044180ENGN3228223,422,"{"code":"TIME_TRACKING_ENTRY_DUPLICATE","message":"Can't create two entries of the same type in a row","metadata":{}}",422,"{"code":"TIME_TRACKING_ENTRY_DUPLICATE","message":"Can't create two entries of the same type in a row","metadata":{}}"
008481,2026-08-13 19:00:31,2026-08-14T01:00:31.000Z,MINATITLAN,DS-K1T673DWX-E120260212V044800ENGS8956847,422,"{"code":"TIME_TRACKING_ENTRY_DUPLICATE","message":"Can't create two entries of the same type in a row","metadata":{}}",422,"{"code":"TIME_TRACKING_ENTRY_DUPLICATE","message":"Can't create two entries of the same type in a row","metadata":{}}"
008694,2026-08-13 19:00:50,2026-08-14T01:00:50.000Z,MINATITLAN,DS-K1T673DWX-E120260212V044800ENGS8956847,422,"{"code":"TIME_TRACKING_ENTRY_DUPLICATE","message":"Can't create two entries of the same type in a row","metadata":{}}",422,"{"code":"TIME_TRACKING_ENTRY_DUPLICATE","message":"Can't create two entries of the same type in a row","metadata":{}}"
009034,2026-08-13 19:01:16,2026-08-14T01:01:16.000Z,MINATITLAN,DS-K1T673DWX-E120260212V044800ENGS8956847,422,"{"code":"TIME_TRACKING_ENTRY_DUPLICATE","message":"Can't create two entries of the same type in a row","metadata":{}}",422,"{"code":"TIME_TRACKING_ENTRY_DUPLICATE","message":"Can't create two entries of the same type in a row","metadata":{}}"
008075,2026-08-13 19:01:25,2026-08-14T01:01:25.000Z,MINATITLAN,DS-K1T673DWX-E120260212V044800ENGS8956847,422,"{"code":"TIME_TRACKING_ENTRY_DUPLICATE","message":"Can't create two entries of the same type in a row","metadata":{}}",422,"{"code":"TIME_TRACKING_ENTRY_DUPLICATE","message":"Can't create two entries of the same type in a row","metadata":{}}"
008622,2026-08-13 19:03:52,2026-08-14T01:03:52.000Z,SAN LORENZO,DS-K1T673DWX-E120251027V044180ENGN3227937,422,"{"code":"TIME_TRACKING_ENTRY_DUPLICATE","message":"Can't create two entries of the same type in a row","metadata":{}}",422,"{"code":"TIME_TRACKING_ENTRY_DUPLICATE","message":"Can't create two entries of the same type in a row","metadata":{}}"
008004,2026-08-13 19:04:05,2026-08-14T01:04:05.000Z,SAN LORENZO,DS-K1T673DWX-E120251027V044180ENGN3227937,422,"{"code":"TIME_TRACKING_ENTRY_DUPLICATE","message":"Can't create two entries of the same type in a row","metadata":{}}",422,"{"code":"TIME_TRACKING_ENTRY_DUPLICATE","message":"Can't create two entries of the same type in a row","metadata":{}}"
007017,2026-08-13 19:04:12,2026-08-14T01:04:12.000Z,SAN LORENZO,DS-K1T673DWX-E120251027V044180ENGN3227937,422,"{"code":"TIME_TRACKING_ENTRY_DUPLICATE","message":"Can't create two entries of the same type in a row","metadata":{}}",422,"{"code":"TIME_TRACKING_ENTRY_DUPLICATE","message":"Can't create two entries of the same type in a row","metadata":{}}"
008962,2026-08-13 19:31:47,2026-08-14T01:31:47.000Z,MINATITLAN,DS-K1T673DWX-E120260212V044800ENGS8956847,422,"{"code":"TIME_TRACKING_ENTRY_DUPLICATE","message":"Can't create two entries of the same type in a row","metadata":{}}",422,"{"code":"TIME_TRACKING_ENTRY_DUPLICATE","message":"Can't create two entries of the same type in a row","metadata":{}}"
008544,2026-08-13 19:31:56,2026-08-14T01:31:56.000Z,MINATITLAN,DS-K1T673DWX-E120260212V044800ENGS8956847,422,"{"code":"TIME_TRACKING_ENTRY_DUPLICATE","message":"Can't create two entries of the same type in a row","metadata":{}}",422,"{"code":"TIME_TRACKING_ENTRY_DUPLICATE","message":"Can't create two entries of the same type in a row","metadata":{}}"
007940,2026-08-13 19:32:54,2026-08-14T01:32:54.000Z,MINATITLAN,DS-K1T673DWX-E120260212V044800ENGS8956847,422,"{"code":"TIME_TRACKING_ENTRY_DUPLICATE","message":"Can't create two entries of the same type in a row","metadata":{}}",422,"{"code":"TIME_TRACKING_ENTRY_DUPLICATE","message":"Can't create two entries of the same type in a row","metadata":{}}"
002578,2026-08-14 12:14:53,2026-08-14T18:14:53.000Z,TEXCOCO,DS-K1T673DWX-E120251027V044180ENGN3228057,422,"{"code":"TIME_TRACKING_ENTRY_DUPLICATE","message":"Can't create two entries of the same type in a row","metadata":{}}",422,"{"code":"TIME_TRACKING_ENTRY_DUPLICATE","message":"Can't create two entries of the same type in a row","metadata":{}}"
007558,2026-08-14 14:10:29,2026-08-14T20:10:29.000Z,MINATITLAN,DS-K1T673DWX-E120260212V044800ENGS8956847,422,"{"code":"TIME_TRACKING_ENTRY_DUPLICATE","message":"Can't create two entries of the same type in a row","metadata":{}}",422,"{"code":"TIME_TRACKING_ENTRY_DUPLICATE","message":"Can't create two entries of the same type in a row","metadata":{}}"
009014,2026-08-14 14:12:27,2026-08-14T20:12:27.000Z,MINATITLAN,DS-K1T673DWX-E120260212V044800ENGS8956847,422,"{"code":"TIME_TRACKING_ENTRY_DUPLICATE","message":"Can't create two entries of the same type in a row","metadata":{}}",422,"{"code":"TIME_TRACKING_ENTRY_DUPLICATE","message":"Can't create two entries of the same type in a row","metadata":{}}"
002813,2026-08-14 14:19:52,2026-08-14T20:19:52.000Z,MINATITLAN,DS-K1T673DWX-E120260212V044800ENGS8956847,422,"{"code":"TIME_TRACKING_ENTRY_DUPLICATE","message":"Can't create two entries of the same type in a row","metadata":{}}",422,"{"code":"TIME_TRACKING_ENTRY_DUPLICATE","message":"Can't create two entries of the same type in a row","metadata":{}}"
008223,2026-08-14 15:45:27,2026-08-14T21:45:27.000Z,MINATITLAN,DS-K1T673DWX-E120260212V044800ENGS8956847,422,"{"code":"TIME_TRACKING_ENTRY_DUPLICATE","message":"Can't create two entries of the same type in a row","metadata":{}}",422,"{"code":"TIME_TRACKING_ENTRY_DUPLICATE","message":"Can't create two entries of the same type in a row","metadata":{}}"
002238,2026-08-14 15:53:02,2026-08-14T21:53:02.000Z,CORPORATIVO,DS-K1T673DWX-E120251027V044180ENGN3228248,422,"{"code":"TIME_TRACKING_ENTRY_DUPLICATE","message":"Can't create two entries of the same type in a row","metadata":{}}",422,"{"code":"TIME_TRACKING_ENTRY_DUPLICATE","message":"Can't create two entries of the same type in a row","metadata":{}}"
001795,2026-08-14 16:04:44,2026-08-14T22:04:44.000Z,SAN LORENZO,DS-K1T673DWX-E120251027V044180ENGN3227937,422,"{"code":"TIME_TRACKING_ENTRY_DUPLICATE","message":"Can't create two entries of the same type in a row","metadata":{}}",422,"{"code":"TIME_TRACKING_ENTRY_DUPLICATE","message":"Can't create two entries of the same type in a row","metadata":{}}"
007634,2026-08-14 16:25:36,2026-08-14T22:25:36.000Z,MINATITLAN,DS-K1T673DWX-E120260212V044800ENGS8956847,422,"{"code":"TIME_TRACKING_ENTRY_DUPLICATE","message":"Can't create two entries of the same type in a row","metadata":{}}",422,"{"code":"TIME_TRACKING_ENTRY_DUPLICATE","message":"Can't create two entries of the same type in a row","metadata":{}}"
110802,2026-08-14 17:08:50,2026-08-14T23:08:50.000Z,BURBUTEK,DS-K1T673DWX-E120260212V044800ENGS8956846,422,"{"code":"TIME_TRACKING_ENTRY_DUPLICATE","message":"Can't create two entries of the same type in a row","metadata":{}}",422,"{"code":"TIME_TRACKING_ENTRY_DUPLICATE","message":"Can't create two entries of the same type in a row","metadata":{}}"
002662,2026-08-14 17:10:25,2026-08-14T23:10:25.000Z,MINATITLAN,DS-K1T673DWX-E120260212V044800ENGS8956847,422,"{"code":"TIME_TRACKING_ENTRY_DUPLICATE","message":"Can't create two entries of the same type in a row","metadata":{}}",422,"{"code":"TIME_TRACKING_ENTRY_DUPLICATE","message":"Can't create two entries of the same type in a row","metadata":{}}"
001720,2026-08-14 19:47:49,2026-08-15T01:47:49.000Z,MINATITLAN,DS-K1T673DWX-E120260212V044800ENGS8956847,422,"{"code":"TIME_TRACKING_ENTRY_DUPLICATE","message":"Can't create two entries of the same type in a row","metadata":{}}",422,"{"code":"TIME_TRACKING_ENTRY_DUPLICATE","message":"Can't create two entries of the same type in a row","metadata":{}}"
009021,2026-08-15 06:04:23,2026-08-15T12:04:23.000Z,MINATITLAN,DS-K1T673DWX-E120260212V044800ENGS8956847,422,"{"code":"TIME_TRACKING_ENTRY_DUPLICATE","message":"Can't create two entries of the same type in a row","metadata":{}}",422,"{"code":"TIME_TRACKING_ENTRY_DUPLICATE","message":"Can't create two entries of the same type in a row","metadata":{}}"
008940,2026-08-15 06:07:56,2026-08-15T12:07:56.000Z,MINATITLAN,DS-K1T673DWX-E120260212V044800ENGS8956847,422,"{"code":"TIME_TRACKING_ENTRY_DUPLICATE","message":"Can't create two entries of the same type in a row","metadata":{}}",422,"{"code":"TIME_TRACKING_ENTRY_DUPLICATE","message":"Can't create two entries of the same type in a row","metadata":{}}"
007976,2026-08-15 11:42:51,2026-08-15T17:42:51.000Z,MINATITLAN,DS-K1T673DWX-E120260212V044800ENGS8956847,422,"{"code":"TIME_TRACKING_ENTRY_DUPLICATE","message":"Can't create two entries of the same type in a row","metadata":{}}",422,"{"code":"TIME_TRACKING_ENTRY_DUPLICATE","message":"Can't create two entries of the same type in a row","metadata":{}}"
002813,2026-08-15 14:22:01,2026-08-15T20:22:01.000Z,MINATITLAN,DS-K1T673DWX-E120260212V044800ENGS8956847,422,"{"code":"TIME_TRACKING_ENTRY_DUPLICATE","message":"Can't create two entries of the same type in a row","metadata":{}}",422,"{"code":"TIME_TRACKING_ENTRY_DUPLICATE","message":"Can't create two entries of the same type in a row","metadata":{}}"
009059,2026-08-15 14:37:03,2026-08-15T20:37:03.000Z,MINATITLAN,DS-K1T673DWX-E120260212V044800ENGS8956847,422,"{"code":"TIME_TRACKING_ENTRY_DUPLICATE","message":"Can't create two entries of the same type in a row","metadata":{}}",422,"{"code":"TIME_TRACKING_ENTRY_DUPLICATE","message":"Can't create two entries of the same type in a row","metadata":{}}"
007634,2026-08-15 15:56:02,2026-08-15T21:56:02.000Z,MINATITLAN,DS-K1T673DWX-E120260212V044800ENGS8956847,422,"{"code":"TIME_TRACKING_ENTRY_DUPLICATE","message":"Can't create two entries of the same type in a row","metadata":{}}",422,"{"code":"TIME_TRACKING_ENTRY_DUPLICATE","message":"Can't create two entries of the same type in a row","metadata":{}}"
002813,2026-08-16 14:21:15,2026-08-16T20:21:15.000Z,MINATITLAN,DS-K1T673DWX-E120260212V044800ENGS8956847,422,"{"code":"TIME_TRACKING_ENTRY_DUPLICATE","message":"Can't create two entries of the same type in a row","metadata":{}}",422,"{"code":"TIME_TRACKING_ENTRY_DUPLICATE","message":"Can't create two entries of the same type in a row","metadata":{}}"
016998,2026-08-16 14:29:54,2026-08-16T20:29:54.000Z,MINATITLAN,DS-K1T673DWX-E120260212V044800ENGS8956847,422,"{"code":"TIME_TRACKING_ENTRY_DUPLICATE","message":"Can't create two entries of the same type in a row","metadata":{}}",422,"{"code":"TIME_TRACKING_ENTRY_DUPLICATE","message":"Can't create two entries of the same type in a row","metadata":{}}"
007634,2026-08-16 16:05:12,2026-08-16T22:05:12.000Z,MINATITLAN,DS-K1T673DWX-E120260212V044800ENGS8956847,422,"{"code":"TIME_TRACKING_ENTRY_DUPLICATE","message":"Can't create two entries of the same type in a row","metadata":{}}",422,"{"code":"TIME_TRACKING_ENTRY_DUPLICATE","message":"Can't create two entries of the same type in a row","metadata":{}}"
009021,2026-08-17 04:42:18,2026-08-17T10:42:18.000Z,MINATITLAN,DS-K1T673DWX-E120260212V044800ENGS8956847,422,"{"code":"TIME_TRACKING_ENTRY_DUPLICATE","message":"Can't create two entries of the same type in a row","metadata":{}}",422,"{"code":"TIME_TRACKING_ENTRY_DUPLICATE","message":"Can't create two entries of the same type in a row","metadata":{}}"
009021,2026-08-17 06:05:07,2026-08-17T12:05:07.000Z,MINATITLAN,DS-K1T673DWX-E120260212V044800ENGS8956847,422,"{"code":"TIME_TRACKING_ENTRY_DUPLICATE","message":"Can't create two entries of the same type in a row","metadata":{}}",422,"{"code":"TIME_TRACKING_ENTRY_DUPLICATE","message":"Can't create two entries of the same type in a row","metadata":{}}"
008969,2026-08-17 06:06:04,2026-08-17T12:06:04.000Z,MINATITLAN,DS-K1T673DWX-E120260212V044800ENGS8956847,422,"{"code":"TIME_TRACKING_ENTRY_DUPLICATE","message":"Can't create two entries of the same type in a row","metadata":{}}",422,"{"code":"TIME_TRACKING_ENTRY_DUPLICATE","message":"Can't create two entries of the same type in a row","metadata":{}}"
002239,2026-08-17 12:15:08,2026-08-17T18:15:08.000Z,CORPORATIVO,DS-K1T673DWX-E120251027V044180ENGN3228248,422,"{"code":"TIME_TRACKING_ENTRY_DUPLICATE","message":"Can't create two entries of the same type in a row","metadata":{}}",422,"{"code":"TIME_TRACKING_ENTRY_DUPLICATE","message":"Can't create two entries of the same type in a row","metadata":{}}"
001440,2026-08-17 13:26:26,2026-08-17T19:26:26.000Z,MINATITLAN,DS-K1T673DWX-E120260212V044800ENGS8956847,422,"{"code":"TIME_TRACKING_ENTRY_DUPLICATE","message":"Can't create two entries of the same type in a row","metadata":{}}",422,"{"code":"TIME_TRACKING_ENTRY_DUPLICATE","message":"Can't create two entries of the same type in a row","metadata":{}}"
002178,2026-08-17 14:00:25,2026-08-17T20:00:25.000Z,CORPORATIVO,DS-K1T673DWX-E120251027V044180ENGN3228248,422,"{"code":"TIME_TRACKING_ENTRY_DUPLICATE","message":"Can't create two entries of the same type in a row","metadata":{}}",422,"{"code":"TIME_TRACKING_ENTRY_DUPLICATE","message":"Can't create two entries of the same type in a row","metadata":{}}"
002207,2026-08-17 14:11:20,2026-08-17T20:11:20.000Z,MINATITLAN,DS-K1T673DWX-E120260212V044800ENGS8956847,422,"{"code":"TIME_TRACKING_ENTRY_DUPLICATE","message":"Can't create two entries of the same type in a row","metadata":{}}",422,"{"code":"TIME_TRACKING_ENTRY_DUPLICATE","message":"Can't create two entries of the same type in a row","metadata":{}}"
002709,2026-08-17 14:14:02,2026-08-17T20:14:02.000Z,MINATITLAN,DS-K1T673DWX-E120260212V044800ENGS8956847,422,"{"code":"TIME_TRACKING_ENTRY_DUPLICATE","message":"Can't create two entries of the same type in a row","metadata":{}}",422,"{"code":"TIME_TRACKING_ENTRY_DUPLICATE","message":"Can't create two entries of the same type in a row","metadata":{}}"
100080,2026-08-17 14:31:08,2026-08-17T20:31:08.000Z,BURBUTEK,DS-K1T673DWX-E120260212V044800ENGS8956846,422,"{"code":"TIME_TRACKING_ENTRY_DUPLICATE","message":"Can't create two entries of the same type in a row","metadata":{}}",422,"{"code":"TIME_TRACKING_ENTRY_DUPLICATE","message":"Can't create two entries of the same type in a row","metadata":{}}"
002813,2026-08-17 14:37:44,2026-08-17T20:37:44.000Z,MINATITLAN,DS-K1T673DWX-E120260212V044800ENGS8956847,422,"{"code":"TIME_TRACKING_ENTRY_DUPLICATE","message":"Can't create two entries of the same type in a row","metadata":{}}",422,"{"code":"TIME_TRACKING_ENTRY_DUPLICATE","message":"Can't create two entries of the same type in a row","metadata":{}}"
100474,2026-08-17 14:43:55,2026-08-17T20:43:55.000Z,BURBUTEK,DS-K1T673DWX-E120260212V044800ENGS8956846,422,"{"code":"TIME_TRACKING_ENTRY_DUPLICATE","message":"Can't create two entries of the same type in a row","metadata":{}}",422,"{"code":"TIME_TRACKING_ENTRY_DUPLICATE","message":"Can't create two entries of the same type in a row","metadata":{}}"
002477,2026-08-17 15:02:24,2026-08-17T21:02:24.000Z,SAN LORENZO,DS-K1T673DWX-E120251027V044180ENGN3227937,422,"{"code":"TIME_TRACKING_ENTRY_DUPLICATE","message":"Can't create two entries of the same type in a row","metadata":{}}",422,"{"code":"TIME_TRACKING_ENTRY_DUPLICATE","message":"Can't create two entries of the same type in a row","metadata":{}}"
002674,2026-08-17 15:02:30,2026-08-17T21:02:30.000Z,SAN LORENZO,DS-K1T673DWX-E120251027V044180ENGN3227937,422,"{"code":"TIME_TRACKING_ENTRY_DUPLICATE","message":"Can't create two entries of the same type in a row","metadata":{}}",422,"{"code":"TIME_TRACKING_ENTRY_DUPLICATE","message":"Can't create two entries of the same type in a row","metadata":{}}"
110283,2026-08-17 15:03:56,2026-08-17T21:03:56.000Z,BURBUTEK,DS-K1T673DWX-E120260212V044800ENGS8956846,422,"{"code":"TIME_TRACKING_ENTRY_DUPLICATE","message":"Can't create two entries of the same type in a row","metadata":{}}",422,"{"code":"TIME_TRACKING_ENTRY_DUPLICATE","message":"Can't create two entries of the same type in a row","metadata":{}}"
100284,2026-08-17 15:05:48,2026-08-17T21:05:48.000Z,BURBUTEK,DS-K1T673DWX-E120260212V044800ENGS8956846,422,"{"code":"TIME_TRACKING_ENTRY_DUPLICATE","message":"Can't create two entries of the same type in a row","metadata":{}}",422,"{"code":"TIME_TRACKING_ENTRY_DUPLICATE","message":"Can't create two entries of the same type in a row","metadata":{}}"
007634,2026-08-17 15:22:20,2026-08-17T21:22:20.000Z,MINATITLAN,DS-K1T673DWX-E120260212V044800ENGS8956847,422,"{"code":"TIME_TRACKING_ENTRY_DUPLICATE","message":"Can't create two entries of the same type in a row","metadata":{}}",422,"{"code":"TIME_TRACKING_ENTRY_DUPLICATE","message":"Can't create two entries of the same type in a row","metadata":{}}"
001316,2026-08-17 15:28:49,2026-08-17T21:28:49.000Z,MINATITLAN,DS-K1T673DWX-E120260212V044800ENGS8956847,422,"{"code":"TIME_TRACKING_ENTRY_DUPLICATE","message":"Can't create two entries of the same type in a row","metadata":{}}",422,"{"code":"TIME_TRACKING_ENTRY_DUPLICATE","message":"Can't create two entries of the same type in a row","metadata":{}}"
000369,2026-08-17 16:21:00,2026-08-17T22:21:00.000Z,SAN LORENZO,DS-K1T673DWX-E120251027V044180ENGN3227937,422,"{"code":"TIME_TRACKING_ENTRY_DUPLICATE","message":"Can't create two entries of the same type in a row","metadata":{}}",422,"{"code":"TIME_TRACKING_ENTRY_DUPLICATE","message":"Can't create two entries of the same type in a row","metadata":{}}"
100481,2026-08-17 17:20:22,2026-08-17T23:20:22.000Z,BURBUTEK,DS-K1T673DWX-E120260212V044800ENGS8956846,422,"{"code":"TIME_TRACKING_ENTRY_DUPLICATE","message":"Can't create two entries of the same type in a row","metadata":{}}",422,"{"code":"TIME_TRACKING_ENTRY_DUPLICATE","message":"Can't create two entries of the same type in a row","metadata":{}}"
001720,2026-08-17 17:40:15,2026-08-17T23:40:15.000Z,MINATITLAN,DS-K1T673DWX-E120260212V044800ENGS8956847,422,"{"code":"TIME_TRACKING_ENTRY_DUPLICATE","message":"Can't create two entries of the same type in a row","metadata":{}}",422,"{"code":"TIME_TRACKING_ENTRY_DUPLICATE","message":"Can't create two entries of the same type in a row","metadata":{}}"
110248,2026-08-18 03:05:18,2026-08-18T09:05:18.000Z,BURBUTEK,DS-K1T673DWX-E120260212V044800ENGS8956846,422,"{"code":"TIME_TRACKING_ENTRY_DUPLICATE","message":"Can't create two entries of the same type in a row","metadata":{}}",422,"{"code":"TIME_TRACKING_ENTRY_DUPLICATE","message":"Can't create two entries of the same type in a row","metadata":{}}"
110248,2026-08-18 07:00:49,2026-08-18T13:00:49.000Z,BURBUTEK,DS-K1T673DWX-E120260212V044800ENGS8956846,422,"{"code":"TIME_TRACKING_ENTRY_DUPLICATE","message":"Can't create two entries of the same type in a row","metadata":{}}",422,"{"code":"TIME_TRACKING_ENTRY_DUPLICATE","message":"Can't create two entries of the same type in a row","metadata":{}}"
007732,2026-08-18 10:52:17,2026-08-18T16:52:17.000Z,SAN LORENZO,DS-K1T673DWX-E120251027V044180ENGN3227937,422,"{"code":"TIME_TRACKING_ENTRY_DUPLICATE","message":"Can't create two entries of the same type in a row","metadata":{}}",422,"{"code":"TIME_TRACKING_ENTRY_DUPLICATE","message":"Can't create two entries of the same type in a row","metadata":{}}"
002106,2026-08-18 11:42:19,2026-08-18T17:42:19.000Z,MONTERREY,DS-K1T673DWX-E120251027V044180ENGN3227924,422,"{"code":"TIME_TRACKING_ENTRY_DUPLICATE","message":"Can't create two entries of the same type in a row","metadata":{}}",422,"{"code":"TIME_TRACKING_ENTRY_DUPLICATE","message":"Can't create two entries of the same type in a row","metadata":{}}"
002769,2026-08-18 12:02:28,2026-08-18T18:02:28.000Z,CORPORATIVO,DS-K1T673DWX-E120251027V044180ENGN3228248,422,"{"code":"TIME_TRACKING_ENTRY_DUPLICATE","message":"Can't create two entries of the same type in a row","metadata":{}}",422,"{"code":"TIME_TRACKING_ENTRY_DUPLICATE","message":"Can't create two entries of the same type in a row","metadata":{}}"
001292,2026-08-18 12:59:28,2026-08-18T18:59:28.000Z,TEXCOCO,DS-K1T673DWX-E120251027V044180ENGN3228057,422,"{"code":"TIME_TRACKING_ENTRY_DUPLICATE","message":"Can't create two entries of the same type in a row","metadata":{}}",422,"{"code":"TIME_TRACKING_ENTRY_DUPLICATE","message":"Can't create two entries of the same type in a row","metadata":{}}"
002804,2026-08-18 13:58:44,2026-08-18T19:58:44.000Z,SAN LORENZO,DS-K1T673DWX-E120251027V044180ENGN3227937,422,"{"code":"TIME_TRACKING_ENTRY_DUPLICATE","message":"Can't create two entries of the same type in a row","metadata":{}}",422,"{"code":"TIME_TRACKING_ENTRY_DUPLICATE","message":"Can't create two entries of the same type in a row","metadata":{}}"
016998,2026-08-18 14:04:48,2026-08-18T20:04:48.000Z,MINATITLAN,DS-K1T673DWX-E120260212V044800ENGS8956847,422,"{"code":"TIME_TRACKING_ENTRY_DUPLICATE","message":"Can't create two entries of the same type in a row","metadata":{}}",422,"{"code":"TIME_TRACKING_ENTRY_DUPLICATE","message":"Can't create two entries of the same type in a row","metadata":{}}"
008954,2026-08-18 14:08:31,2026-08-18T20:08:31.000Z,MONTERREY,DS-K1T673DWX-E120251027V044180ENGN3227924,422,"{"code":"TIME_TRACKING_ENTRY_DUPLICATE","message":"Can't create two entries of the same type in a row","metadata":{}}",422,"{"code":"TIME_TRACKING_ENTRY_DUPLICATE","message":"Can't create two entries of the same type in a row","metadata":{}}"
017317,2026-08-18 14:25:40,2026-08-18T20:25:40.000Z,MINATITLAN,DS-K1T673DWX-E120260212V044800ENGS8956847,422,"{"code":"TIME_TRACKING_ENTRY_DUPLICATE","message":"Can't create two entries of the same type in a row","metadata":{}}",422,"{"code":"TIME_TRACKING_ENTRY_DUPLICATE","message":"Can't create two entries of the same type in a row","metadata":{}}"
110263,2026-08-18 14:30:30,2026-08-18T20:30:30.000Z,BURBUTEK,DS-K1T673DWX-E120260212V044800ENGS8956846,422,"{"code":"TIME_TRACKING_ENTRY_DUPLICATE","message":"Can't create two entries of the same type in a row","metadata":{}}",422,"{"code":"TIME_TRACKING_ENTRY_DUPLICATE","message":"Can't create two entries of the same type in a row","metadata":{}}"
001316,2026-08-18 14:34:32,2026-08-18T20:34:32.000Z,MINATITLAN,DS-K1T673DWX-E120260212V044800ENGS8956847,422,"{"code":"TIME_TRACKING_ENTRY_DUPLICATE","message":"Can't create two entries of the same type in a row","metadata":{}}",422,"{"code":"TIME_TRACKING_ENTRY_DUPLICATE","message":"Can't create two entries of the same type in a row","metadata":{}}"
002813,2026-08-18 14:36:04,2026-08-18T20:36:04.000Z,MINATITLAN,DS-K1T673DWX-E120260212V044800ENGS8956847,422,"{"code":"TIME_TRACKING_ENTRY_DUPLICATE","message":"Can't create two entries of the same type in a row","metadata":{}}",422,"{"code":"TIME_TRACKING_ENTRY_DUPLICATE","message":"Can't create two entries of the same type in a row","metadata":{}}"
110630,2026-08-18 14:43:46,2026-08-18T20:43:46.000Z,BURBUTEK,DS-K1T673DWX-E120260212V044800ENGS8956846,422,"{"code":"TIME_TRACKING_ENTRY_DUPLICATE","message":"Can't create two entries of the same type in a row","metadata":{}}",422,"{"code":"TIME_TRACKING_ENTRY_DUPLICATE","message":"Can't create two entries of the same type in a row","metadata":{}}"
001103,2026-08-18 15:21:46,2026-08-18T21:21:46.000Z,TEXCOCO,DS-K1T673DWX-E120251027V044180ENGN3228057,422,"{"code":"TIME_TRACKING_ENTRY_DUPLICATE","message":"Can't create two entries of the same type in a row","metadata":{}}",422,"{"code":"TIME_TRACKING_ENTRY_DUPLICATE","message":"Can't create two entries of the same type in a row","metadata":{}}"
110375,2026-08-18 15:33:39,2026-08-18T21:33:39.000Z,BURBUTEK,DS-K1T673DWX-E120260212V044800ENGS8956846,422,"{"code":"TIME_TRACKING_ENTRY_DUPLICATE","message":"Can't create two entries of the same type in a row","metadata":{}}",422,"{"code":"TIME_TRACKING_ENTRY_DUPLICATE","message":"Can't create two entries of the same type in a row","metadata":{}}"
001062,2026-08-18 15:36:36,2026-08-18T21:36:36.000Z,MINATITLAN,DS-K1T673DWX-E120260212V044800ENGS8956847,422,"{"code":"TIME_TRACKING_ENTRY_DUPLICATE","message":"Can't create two entries of the same type in a row","metadata":{}}",422,"{"code":"TIME_TRACKING_ENTRY_DUPLICATE","message":"Can't create two entries of the same type in a row","metadata":{}}"
007634,2026-08-18 15:41:48,2026-08-18T21:41:48.000Z,MINATITLAN,DS-K1T673DWX-E120260212V044800ENGS8956847,422,"{"code":"TIME_TRACKING_ENTRY_DUPLICATE","message":"Can't create two entries of the same type in a row","metadata":{}}",422,"{"code":"TIME_TRACKING_ENTRY_DUPLICATE","message":"Can't create two entries of the same type in a row","metadata":{}}"
100284,2026-08-18 16:25:22,2026-08-18T22:25:22.000Z,BURBUTEK,DS-K1T673DWX-E120260212V044800ENGS8956846,422,"{"code":"TIME_TRACKING_ENTRY_DUPLICATE","message":"Can't create two entries of the same type in a row","metadata":{}}",422,"{"code":"TIME_TRACKING_ENTRY_DUPLICATE","message":"Can't create two entries of the same type in a row","metadata":{}}"
002477,2026-08-18 17:10:03,2026-08-18T23:10:03.000Z,SAN LORENZO,DS-K1T673DWX-E120251027V044180ENGN3227937,422,"{"code":"TIME_TRACKING_ENTRY_DUPLICATE","message":"Can't create two entries of the same type in a row","metadata":{}}",422,"{"code":"TIME_TRACKING_ENTRY_DUPLICATE","message":"Can't create two entries of the same type in a row","metadata":{}}"
100481,2026-08-18 17:18:35,2026-08-18T23:18:35.000Z,BURBUTEK,DS-K1T673DWX-E120260212V044800ENGS8956846,422,"{"code":"TIME_TRACKING_ENTRY_DUPLICATE","message":"Can't create two entries of the same type in a row","metadata":{}}",422,"{"code":"TIME_TRACKING_ENTRY_DUPLICATE","message":"Can't create two entries of the same type in a row","metadata":{}}"
007179,2026-08-18 18:03:52,2026-08-19T00:03:52.000Z,MINATITLAN,DS-K1T673DWX-E120260212V044800ENGS8956847,422,"{"code":"TIME_TRACKING_ENTRY_DUPLICATE","message":"Can't create two entries of the same type in a row","metadata":{}}",422,"{"code":"TIME_TRACKING_ENTRY_DUPLICATE","message":"Can't create two entries of the same type in a row","metadata":{}}"
110701,2026-08-19 03:36:15,2026-08-19T09:36:15.000Z,BURBUTEK,DS-K1T673DWX-E120260212V044800ENGS8956846,422,"{"code":"TIME_TRACKING_ENTRY_DUPLICATE","message":"Can't create two entries of the same type in a row","metadata":{}}",422,"{"code":"TIME_TRACKING_ENTRY_DUPLICATE","message":"Can't create two entries of the same type in a row","metadata":{}}"
002814,2026-08-19 08:09:58,2026-08-19T14:09:58.000Z,CORPORATIVO,DS-K1T673DWX-E120251027V044180ENGN3228248,422,"{"code":"TIME_TRACKING_ENTRY_DUPLICATE","message":"Can't create two entries of the same type in a row","metadata":{}}",422,"{"code":"TIME_TRACKING_ENTRY_DUPLICATE","message":"Can't create two entries of the same type in a row","metadata":{}}"
002221,2026-08-19 11:08:52,2026-08-19T17:08:52.000Z,CORPORATIVO,DS-K1T673DWX-E120251027V044180ENGN3228248,422,"{"code":"TIME_TRACKING_ENTRY_DUPLICATE","message":"Can't create two entries of the same type in a row","metadata":{}}",422,"{"code":"TIME_TRACKING_ENTRY_DUPLICATE","message":"Can't create two entries of the same type in a row","metadata":{}}"
002691,2026-08-19 13:08:52,2026-08-19T19:08:52.000Z,CORPORATIVO,DS-K1T673DWX-E120251027V044180ENGN3228248,422,"{"code":"TIME_TRACKING_ENTRY_DUPLICATE","message":"Can't create two entries of the same type in a row","metadata":{}}",422,"{"code":"TIME_TRACKING_ENTRY_DUPLICATE","message":"Can't create two entries of the same type in a row","metadata":{}}"
002221,2026-08-20 11:05:26,2026-08-20T17:05:26.000Z,CORPORATIVO,DS-K1T673DWX-E120251027V044180ENGN3228248,422,"{"code":"TIME_TRACKING_ENTRY_DUPLICATE","message":"Can't create two entries of the same type in a row","metadata":{}}",422,"{"code":"TIME_TRACKING_ENTRY_DUPLICATE","message":"Can't create two entries of the same type in a row","metadata":{}}"
002617,2026-08-20 11:32:51,2026-08-20T17:32:51.000Z,CORPORATIVO,DS-K1T673DWX-E120251027V044180ENGN3228248,422,"{"code":"TIME_TRACKING_ENTRY_DUPLICATE","message":"Can't create two entries of the same type in a row","metadata":{}}",422,"{"code":"TIME_TRACKING_ENTRY_DUPLICATE","message":"Can't create two entries of the same type in a row","metadata":{}}"
002106,2026-08-20 13:47:33,2026-08-20T19:47:33.000Z,MONTERREY,DS-K1T673DWX-E120251027V044180ENGN3227924,422,"{"code":"TIME_TRACKING_ENTRY_DUPLICATE","message":"Can't create two entries of the same type in a row","metadata":{}}",422,"{"code":"TIME_TRACKING_ENTRY_DUPLICATE","message":"Can't create two entries of the same type in a row","metadata":{}}"
002239,2026-08-21 08:12:46,2026-08-21T14:12:46.000Z,CORPORATIVO,DS-K1T673DWX-E120251027V044180ENGN3228248,422,"{"code":"TIME_TRACKING_ENTRY_DUPLICATE","message":"Can't create two entries of the same type in a row","metadata":{}}",422,"{"code":"TIME_TRACKING_ENTRY_DUPLICATE","message":"Can't create two entries of the same type in a row","metadata":{}}"
002691,2026-08-21 12:10:12,2026-08-21T18:10:12.000Z,CORPORATIVO,DS-K1T673DWX-E120251027V044180ENGN3228248,422,"{"code":"TIME_TRACKING_ENTRY_DUPLICATE","message":"Can't create two entries of the same type in a row","metadata":{}}",422,"{"code":"TIME_TRACKING_ENTRY_DUPLICATE","message":"Can't create two entries of the same type in a row","metadata":{}}"
002133,2026-08-21 15:21:58,2026-08-21T21:21:58.000Z,CORPORATIVO,DS-K1T673DWX-E120251027V044180ENGN3228248,422,"{"code":"TIME_TRACKING_ENTRY_DUPLICATE","message":"Can't create two entries of the same type in a row","metadata":{}}",422,"{"code":"TIME_TRACKING_ENTRY_DUPLICATE","message":"Can't create two entries of the same type in a row","metadata":{}}"
008969,2026-08-21 17:02:20,2026-08-21T23:02:20.000Z,MINATITLAN,DS-K1T673DWX-E120260212V044800ENGS8956847,422,"{"code":"TIME_TRACKING_ENTRY_DUPLICATE","message":"Can't create two entries of the same type in a row","metadata":{}}",422,"{"code":"TIME_TRACKING_ENTRY_DUPLICATE","message":"Can't create two entries of the same type in a row","metadata":{}}"
008969,2026-08-21 17:37:03,2026-08-21T23:37:03.000Z,MINATITLAN,DS-K1T673DWX-E120260212V044800ENGS8956847,422,"{"code":"TIME_TRACKING_ENTRY_DUPLICATE","message":"Can't create two entries of the same type in a row","metadata":{}}",422,"{"code":"TIME_TRACKING_ENTRY_DUPLICATE","message":"Can't create two entries of the same type in a row","metadata":{}}"
001927,2026-08-21 17:38:39,2026-08-21T23:38:39.000Z,MINATITLAN,DS-K1T673DWX-E120260212V044800ENGS8956847,422,"{"code":"TIME_TRACKING_ENTRY_DUPLICATE","message":"Can't create two entries of the same type in a row","metadata":{}}",422,"{"code":"TIME_TRACKING_ENTRY_DUPLICATE","message":"Can't create two entries of the same type in a row","metadata":{}}"
001927,2026-08-21 18:16:47,2026-08-22T00:16:47.000Z,MINATITLAN,DS-K1T673DWX-E120260212V044800ENGS8956847,422,"{"code":"TIME_TRACKING_ENTRY_DUPLICATE","message":"Can't create two entries of the same type in a row","metadata":{}}",422,"{"code":"TIME_TRACKING_ENTRY_DUPLICATE","message":"Can't create two entries of the same type in a row","metadata":{}}"
009021,2026-08-21 20:34:03,2026-08-22T02:34:03.000Z,MINATITLAN,DS-K1T673DWX-E120260212V044800ENGS8956847,422,"{"code":"TIME_TRACKING_ENTRY_DUPLICATE","message":"Can't create two entries of the same type in a row","metadata":{}}",422,"{"code":"TIME_TRACKING_ENTRY_DUPLICATE","message":"Can't create two entries of the same type in a row","metadata":{}}"
008622,2026-08-22 02:32:45,2026-08-22T08:32:45.000Z,MINATITLAN,DS-K1T673DWX-E120260212V044800ENGS8956847,422,"{"code":"TIME_TRACKING_ENTRY_DUPLICATE","message":"Can't create two entries of the same type in a row","metadata":{}}",422,"{"code":"TIME_TRACKING_ENTRY_DUPLICATE","message":"Can't create two entries of the same type in a row","metadata":{}}"
100475,2026-08-22 04:12:55,2026-08-22T10:12:55.000Z,TEXCOCO,DS-K1T673DWX-E120251027V044180ENGN3228057,422,"{"code":"TIME_TRACKING_ENTRY_DUPLICATE","message":"Can't create two entries of the same type in a row","metadata":{}}",422,"{"code":"TIME_TRACKING_ENTRY_DUPLICATE","message":"Can't create two entries of the same type in a row","metadata":{}}"
000886,2026-08-22 04:14:12,2026-08-22T10:14:12.000Z,TEXCOCO,DS-K1T673DWX-E120251027V044180ENGN3228057,422,"{"code":"TIME_TRACKING_ENTRY_DUPLICATE","message":"Can't create two entries of the same type in a row","metadata":{}}",422,"{"code":"TIME_TRACKING_ENTRY_DUPLICATE","message":"Can't create two entries of the same type in a row","metadata":{}}"
002760,2026-08-22 04:14:15,2026-08-22T10:14:15.000Z,TEXCOCO,DS-K1T673DWX-E120251027V044180ENGN3228057,422,"{"code":"TIME_TRACKING_ENTRY_DUPLICATE","message":"Can't create two entries of the same type in a row","metadata":{}}",422,"{"code":"TIME_TRACKING_ENTRY_DUPLICATE","message":"Can't create two entries of the same type in a row","metadata":{}}"
007808,2026-08-22 04:40:08,2026-08-22T10:40:08.000Z,MINATITLAN,DS-K1T673DWX-E120260212V044800ENGS8956847,422,"{"code":"TIME_TRACKING_ENTRY_DUPLICATE","message":"Can't create two entries of the same type in a row","metadata":{}}",422,"{"code":"TIME_TRACKING_ENTRY_DUPLICATE","message":"Can't create two entries of the same type in a row","metadata":{}}"
001103,2026-08-22 05:00:16,2026-08-22T11:00:16.000Z,TEXCOCO,DS-K1T673DWX-E120251027V044180ENGN3228057,422,"{"code":"TIME_TRACKING_ENTRY_DUPLICATE","message":"Can't create two entries of the same type in a row","metadata":{}}",422,"{"code":"TIME_TRACKING_ENTRY_DUPLICATE","message":"Can't create two entries of the same type in a row","metadata":{}}"
001103,2026-08-22 05:00:59,2026-08-22T11:00:59.000Z,TEXCOCO,DS-K1T673DWX-E120251027V044180ENGN3228057,422,"{"code":"TIME_TRACKING_ENTRY_DUPLICATE","message":"Can't create two entries of the same type in a row","metadata":{}}",422,"{"code":"TIME_TRACKING_ENTRY_DUPLICATE","message":"Can't create two entries of the same type in a row","metadata":{}}"
002802,2026-08-22 05:38:39,2026-08-22T11:38:39.000Z,SAN LORENZO,DS-K1T673DWX-E120251027V044180ENGN3227937,422,"{"code":"TIME_TRACKING_ENTRY_DUPLICATE","message":"Can't create two entries of the same type in a row","metadata":{}}",422,"{"code":"TIME_TRACKING_ENTRY_DUPLICATE","message":"Can't create two entries of the same type in a row","metadata":{}}"
002615,2026-08-21 21:28:03,2026-08-22T03:28:03.000Z,SAN LORENZO,DS-K1T673DWX-E120251027V044180ENGN3227937,422,"{"code":"TIME_TRACKING_ENTRY_DUPLICATE","message":"Can't create two entries of the same type in a row","metadata":{}}",422,"{"code":"TIME_TRACKING_ENTRY_DUPLICATE","message":"Can't create two entries of the same type in a row","metadata":{}}"
008580,2026-08-22 05:29:36,2026-08-22T11:29:36.000Z,MINATITLAN,DS-K1T673DWX-E120260212V044800ENGS8956847,422,"{"code":"TIME_TRACKING_ENTRY_DUPLICATE","message":"Can't create two entries of the same type in a row","metadata":{}}",422,"{"code":"TIME_TRACKING_ENTRY_DUPLICATE","message":"Can't create two entries of the same type in a row","metadata":{}}"
007900,2026-08-22 05:32:27,2026-08-22T11:32:27.000Z,MINATITLAN,DS-K1T673DWX-E120260212V044800ENGS8956847,422,"{"code":"TIME_TRACKING_ENTRY_DUPLICATE","message":"Can't create two entries of the same type in a row","metadata":{}}",422,"{"code":"TIME_TRACKING_ENTRY_DUPLICATE","message":"Can't create two entries of the same type in a row","metadata":{}}"
009058,2026-08-22 05:34:07,2026-08-22T11:34:07.000Z,MINATITLAN,DS-K1T673DWX-E120260212V044800ENGS8956847,422,"{"code":"TIME_TRACKING_ENTRY_DUPLICATE","message":"Can't create two entries of the same type in a row","metadata":{}}",422,"{"code":"TIME_TRACKING_ENTRY_DUPLICATE","message":"Can't create two entries of the same type in a row","metadata":{}}"
016543,2026-08-22 05:35:59,2026-08-22T11:35:59.000Z,MINATITLAN,DS-K1T673DWX-E120260212V044800ENGS8956847,422,"{"code":"TIME_TRACKING_ENTRY_DUPLICATE","message":"Can't create two entries of the same type in a row","metadata":{}}",422,"{"code":"TIME_TRACKING_ENTRY_DUPLICATE","message":"Can't create two entries of the same type in a row","metadata":{}}"
008425,2026-08-22 05:36:06,2026-08-22T11:36:06.000Z,MINATITLAN,DS-K1T673DWX-E120260212V044800ENGS8956847,422,"{"code":"TIME_TRACKING_ENTRY_DUPLICATE","message":"Can't create two entries of the same type in a row","metadata":{}}",422,"{"code":"TIME_TRACKING_ENTRY_DUPLICATE","message":"Can't create two entries of the same type in a row","metadata":{}}"
002737,2026-08-22 05:36:20,2026-08-22T11:36:20.000Z,MINATITLAN,DS-K1T673DWX-E120260212V044800ENGS8956847,422,"{"code":"TIME_TRACKING_ENTRY_DUPLICATE","message":"Can't create two entries of the same type in a row","metadata":{}}",422,"{"code":"TIME_TRACKING_ENTRY_DUPLICATE","message":"Can't create two entries of the same type in a row","metadata":{}}"
008896,2026-08-22 05:42:44,2026-08-22T11:42:44.000Z,MINATITLAN,DS-K1T673DWX-E120260212V044800ENGS8956847,422,"{"code":"TIME_TRACKING_ENTRY_DUPLICATE","message":"Can't create two entries of the same type in a row","metadata":{}}",422,"{"code":"TIME_TRACKING_ENTRY_DUPLICATE","message":"Can't create two entries of the same type in a row","metadata":{}}"
009034,2026-08-22 05:44:25,2026-08-22T11:44:25.000Z,MINATITLAN,DS-K1T673DWX-E120260212V044800ENGS8956847,422,"{"code":"TIME_TRACKING_ENTRY_DUPLICATE","message":"Can't create two entries of the same type in a row","metadata":{}}",422,"{"code":"TIME_TRACKING_ENTRY_DUPLICATE","message":"Can't create two entries of the same type in a row","metadata":{}}"
008241,2026-08-22 05:49:14,2026-08-22T11:49:14.000Z,MINATITLAN,DS-K1T673DWX-E120260212V044800ENGS8956847,422,"{"code":"TIME_TRACKING_ENTRY_DUPLICATE","message":"Can't create two entries of the same type in a row","metadata":{}}",422,"{"code":"TIME_TRACKING_ENTRY_DUPLICATE","message":"Can't create two entries of the same type in a row","metadata":{}}"
007992,2026-08-22 05:51:31,2026-08-22T11:51:31.000Z,MINATITLAN,DS-K1T673DWX-E120260212V044800ENGS8956847,422,"{"code":"TIME_TRACKING_ENTRY_DUPLICATE","message":"Can't create two entries of the same type in a row","metadata":{}}",422,"{"code":"TIME_TRACKING_ENTRY_DUPLICATE","message":"Can't create two entries of the same type in a row","metadata":{}}"
008994,2026-08-22 05:53:03,2026-08-22T11:53:03.000Z,MINATITLAN,DS-K1T673DWX-E120260212V044800ENGS8956847,422,"{"code":"TIME_TRACKING_ENTRY_DUPLICATE","message":"Can't create two entries of the same type in a row","metadata":{}}",422,"{"code":"TIME_TRACKING_ENTRY_DUPLICATE","message":"Can't create two entries of the same type in a row","metadata":{}}"
008847,2026-08-22 05:54:55,2026-08-22T11:54:55.000Z,MINATITLAN,DS-K1T673DWX-E120260212V044800ENGS8956847,422,"{"code":"TIME_TRACKING_ENTRY_DUPLICATE","message":"Can't create two entries of the same type in a row","metadata":{}}",422,"{"code":"TIME_TRACKING_ENTRY_DUPLICATE","message":"Can't create two entries of the same type in a row","metadata":{}}"
002709,2026-08-22 05:55:41,2026-08-22T11:55:41.000Z,MINATITLAN,DS-K1T673DWX-E120260212V044800ENGS8956847,422,"{"code":"TIME_TRACKING_ENTRY_DUPLICATE","message":"Can't create two entries of the same type in a row","metadata":{}}",422,"{"code":"TIME_TRACKING_ENTRY_DUPLICATE","message":"Can't create two entries of the same type in a row","metadata":{}}"
009045,2026-08-22 05:55:49,2026-08-22T11:55:49.000Z,MINATITLAN,DS-K1T673DWX-E120260212V044800ENGS8956847,422,"{"code":"TIME_TRACKING_ENTRY_DUPLICATE","message":"Can't create two entries of the same type in a row","metadata":{}}",422,"{"code":"TIME_TRACKING_ENTRY_DUPLICATE","message":"Can't create two entries of the same type in a row","metadata":{}}"
001906,2026-08-22 05:56:14,2026-08-22T11:56:14.000Z,SAN LORENZO,DS-K1T673DWX-E120251027V044180ENGN3227937,422,"{"code":"TIME_TRACKING_ENTRY_DUPLICATE","message":"Can't create two entries of the same type in a row","metadata":{}}",422,"{"code":"TIME_TRACKING_ENTRY_DUPLICATE","message":"Can't create two entries of the same type in a row","metadata":{}}"
008890,2026-08-22 05:56:15,2026-08-22T11:56:15.000Z,MINATITLAN,DS-K1T673DWX-E120260212V044800ENGS8956847,422,"{"code":"TIME_TRACKING_ENTRY_DUPLICATE","message":"Can't create two entries of the same type in a row","metadata":{}}",422,"{"code":"TIME_TRACKING_ENTRY_DUPLICATE","message":"Can't create two entries of the same type in a row","metadata":{}}"
006332,2026-08-22 05:56:24,2026-08-22T11:56:24.000Z,MINATITLAN,DS-K1T673DWX-E120260212V044800ENGS8956847,422,"{"code":"TIME_TRACKING_ENTRY_DUPLICATE","message":"Can't create two entries of the same type in a row","metadata":{}}",422,"{"code":"TIME_TRACKING_ENTRY_DUPLICATE","message":"Can't create two entries of the same type in a row","metadata":{}}"
002806,2026-08-22 05:56:36,2026-08-22T11:56:36.000Z,SAN LORENZO,DS-K1T673DWX-E120251027V044180ENGN3227937,422,"{"code":"TIME_TRACKING_ENTRY_DUPLICATE","message":"Can't create two entries of the same type in a row","metadata":{}}",422,"{"code":"TIME_TRACKING_ENTRY_DUPLICATE","message":"Can't create two entries of the same type in a row","metadata":{}}"
005345,2026-08-22 05:56:57,2026-08-22T11:56:57.000Z,MINATITLAN,DS-K1T673DWX-E120260212V044800ENGS8956847,422,"{"code":"TIME_TRACKING_ENTRY_DUPLICATE","message":"Can't create two entries of the same type in a row","metadata":{}}",422,"{"code":"TIME_TRACKING_ENTRY_DUPLICATE","message":"Can't create two entries of the same type in a row","metadata":{}}"
008407,2026-08-22 05:57:05,2026-08-22T11:57:05.000Z,MINATITLAN,DS-K1T673DWX-E120260212V044800ENGS8956847,422,"{"code":"TIME_TRACKING_ENTRY_DUPLICATE","message":"Can't create two entries of the same type in a row","metadata":{}}",422,"{"code":"TIME_TRACKING_ENTRY_DUPLICATE","message":"Can't create two entries of the same type in a row","metadata":{}}"
008549,2026-08-22 05:57:12,2026-08-22T11:57:12.000Z,MINATITLAN,DS-K1T673DWX-E120260212V044800ENGS8956847,422,"{"code":"TIME_TRACKING_ENTRY_DUPLICATE","message":"Can't create two entries of the same type in a row","metadata":{}}",422,"{"code":"TIME_TRACKING_ENTRY_DUPLICATE","message":"Can't create two entries of the same type in a row","metadata":{}}"
009032,2026-08-22 05:57:26,2026-08-22T11:57:26.000Z,MINATITLAN,DS-K1T673DWX-E120260212V044800ENGS8956847,422,"{"code":"TIME_TRACKING_ENTRY_DUPLICATE","message":"Can't create two entries of the same type in a row","metadata":{}}",422,"{"code":"TIME_TRACKING_ENTRY_DUPLICATE","message":"Can't create two entries of the same type in a row","metadata":{}}"
002165,2026-08-22 05:58:52,2026-08-22T11:58:52.000Z,MINATITLAN,DS-K1T673DWX-E120260212V044800ENGS8956847,422,"{"code":"TIME_TRACKING_ENTRY_DUPLICATE","message":"Can't create two entries of the same type in a row","metadata":{}}",422,"{"code":"TIME_TRACKING_ENTRY_DUPLICATE","message":"Can't create two entries of the same type in a row","metadata":{}}"
008515,2026-08-22 05:59:18,2026-08-22T11:59:18.000Z,MINATITLAN,DS-K1T673DWX-E120260212V044800ENGS8956847,422,"{"code":"TIME_TRACKING_ENTRY_DUPLICATE","message":"Can't create two entries of the same type in a row","metadata":{}}",422,"{"code":"TIME_TRACKING_ENTRY_DUPLICATE","message":"Can't create two entries of the same type in a row","metadata":{}}"
008314,2026-08-22 06:00:56,2026-08-22T12:00:56.000Z,MINATITLAN,DS-K1T673DWX-E120260212V044800ENGS8956847,422,"{"code":"TIME_TRACKING_ENTRY_DUPLICATE","message":"Can't create two entries of the same type in a row","metadata":{}}",422,"{"code":"TIME_TRACKING_ENTRY_DUPLICATE","message":"Can't create two entries of the same type in a row","metadata":{}}"
008320,2026-08-22 06:01:06,2026-08-22T12:01:06.000Z,MINATITLAN,DS-K1T673DWX-E120260212V044800ENGS8956847,422,"{"code":"TIME_TRACKING_ENTRY_DUPLICATE","message":"Can't create two entries of the same type in a row","metadata":{}}",422,"{"code":"TIME_TRACKING_ENTRY_DUPLICATE","message":"Can't create two entries of the same type in a row","metadata":{}}"
008983,2026-08-22 06:02:24,2026-08-22T12:02:24.000Z,MINATITLAN,DS-K1T673DWX-E120260212V044800ENGS8956847,422,"{"code":"TIME_TRACKING_ENTRY_DUPLICATE","message":"Can't create two entries of the same type in a row","metadata":{}}",422,"{"code":"TIME_TRACKING_ENTRY_DUPLICATE","message":"Can't create two entries of the same type in a row","metadata":{}}"
001744,2026-08-22 06:02:30,2026-08-22T12:02:30.000Z,MINATITLAN,DS-K1T673DWX-E120260212V044800ENGS8956847,422,"{"code":"TIME_TRACKING_ENTRY_DUPLICATE","message":"Can't create two entries of the same type in a row","metadata":{}}",422,"{"code":"TIME_TRACKING_ENTRY_DUPLICATE","message":"Can't create two entries of the same type in a row","metadata":{}}"
001969,2026-08-22 06:03:17,2026-08-22T12:03:17.000Z,SAN LORENZO,DS-K1T673DWX-E120251027V044180ENGN3227937,422,"{"code":"TIME_TRACKING_ENTRY_DUPLICATE","message":"Can't create two entries of the same type in a row","metadata":{}}",422,"{"code":"TIME_TRACKING_ENTRY_DUPLICATE","message":"Can't create two entries of the same type in a row","metadata":{}}"
002721,2026-08-22 06:04:59,2026-08-22T12:04:59.000Z,MINATITLAN,DS-K1T673DWX-E120260212V044800ENGS8956847,422,"{"code":"TIME_TRACKING_ENTRY_DUPLICATE","message":"Can't create two entries of the same type in a row","metadata":{}}",422,"{"code":"TIME_TRACKING_ENTRY_DUPLICATE","message":"Can't create two entries of the same type in a row","metadata":{}}"
007976,2026-08-22 06:09:23,2026-08-22T12:09:23.000Z,MINATITLAN,DS-K1T673DWX-E120260212V044800ENGS8956847,422,"{"code":"TIME_TRACKING_ENTRY_DUPLICATE","message":"Can't create two entries of the same type in a row","metadata":{}}",422,"{"code":"TIME_TRACKING_ENTRY_DUPLICATE","message":"Can't create two entries of the same type in a row","metadata":{}}"
002802,2026-08-22 08:25:19,2026-08-22T14:25:19.000Z,SAN LORENZO,DS-K1T673DWX-E120251027V044180ENGN3227937,422,"{"code":"TIME_TRACKING_ENTRY_DUPLICATE","message":"Can't create two entries of the same type in a row","metadata":{}}",422,"{"code":"TIME_TRACKING_ENTRY_DUPLICATE","message":"Can't create two entries of the same type in a row","metadata":{}}"
002133,2026-08-25 16:35:41,2026-08-25T22:35:41.000Z,CORPORATIVO,DS-K1T673DWX-E120251027V044180ENGN3228248,422,"{"code":"TIME_TRACKING_ENTRY_DUPLICATE","message":"Can't create two entries of the same type in a row","metadata":{}}",422,"{"code":"TIME_TRACKING_ENTRY_DUPLICATE","message":"Can't create two entries of the same type in a row","metadata":{}}"
002133,2026-08-26 10:13:23,2026-08-26T16:13:23.000Z,CORPORATIVO,DS-K1T673DWX-E120251027V044180ENGN3228248,422,"{"code":"TIME_TRACKING_ENTRY_DUPLICATE","message":"Can't create two entries of the same type in a row","metadata":{}}",422,"{"code":"TIME_TRACKING_ENTRY_DUPLICATE","message":"Can't create two entries of the same type in a row","metadata":{}}"
002088,2026-08-27 12:07:02,2026-08-27T18:07:02.000Z,CORPORATIVO,DS-K1T673DWX-E120251027V044180ENGN3228248,422,"{"code":"TIME_TRACKING_ENTRY_DUPLICATE","message":"Can't create two entries of the same type in a row","metadata":{}}",422,"{"code":"TIME_TRACKING_ENTRY_DUPLICATE","message":"Can't create two entries of the same type in a row","metadata":{}}"
002401,2026-08-27 12:24:48,2026-08-27T18:24:48.000Z,GUADALAJARA,DS-K1T673DWX-E120251027V044180ENGN3228223,422,"{"code":"TIME_TRACKING_ENTRY_DUPLICATE","message":"Can't create two entries of the same type in a row","metadata":{}}",422,"{"code":"TIME_TRACKING_ENTRY_DUPLICATE","message":"Can't create two entries of the same type in a row","metadata":{}}"
002133,2026-08-28 16:01:37,2026-08-28T22:01:37.000Z,CORPORATIVO,DS-K1T673DWX-E120251027V044180ENGN3228248,422,"{"code":"TIME_TRACKING_ENTRY_DUPLICATE","message":"Can't create two entries of the same type in a row","metadata":{}}",422,"{"code":"TIME_TRACKING_ENTRY_DUPLICATE","message":"Can't create two entries of the same type in a row","metadata":{}}"
109064,2026-08-12 13:30:37,2026-08-12T19:30:37.000Z,MINATITLAN,DS-K1T673DWX-E120260212V044800ENGS8956847,404,"{"code":"USER_NOT_FOUND","message":"Employee not found","metadata":{}}",404,"{"code":"USER_NOT_FOUND","message":"Employee not found","metadata":{}}"
009066,2026-08-26 10:51:17,2026-08-26T16:51:17.000Z,MINATITLAN,DS-K1T673DWX-E120260212V044800ENGS8956847,404,"{"code":"USER_NOT_FOUND","message":"Employee not found","metadata":{}}",404,"{"code":"USER_NOT_FOUND","message":"Employee not found","metadata":{}}"
009066,2026-08-26 15:07:47,2026-08-26T21:07:47.000Z,MINATITLAN,DS-K1T673DWX-E120260212V044800ENGS8956847,404,"{"code":"USER_NOT_FOUND","message":"Employee not found","metadata":{}}",404,"{"code":"USER_NOT_FOUND","message":"Employee not found","metadata":{}}"
009066,2026-08-26 15:33:42,2026-08-26T21:33:42.000Z,MINATITLAN,DS-K1T673DWX-E120260212V044800ENGS8956847,404,"{"code":"USER_NOT_FOUND","message":"Employee not found","metadata":{}}",404,"{"code":"USER_NOT_FOUND","message":"Employee not found","metadata":{}}"
009066,2026-08-26 18:03:03,2026-08-27T00:03:03.000Z,MINATITLAN,DS-K1T673DWX-E120260212V044800ENGS8956847,404,"{"code":"USER_NOT_FOUND","message":"Employee not found","metadata":{}}",404,"{"code":"USER_NOT_FOUND","message":"Employee not found","metadata":{}}"
009066,2026-08-27 06:03:37,2026-08-27T12:03:37.000Z,MINATITLAN,DS-K1T673DWX-E120260212V044800ENGS8956847,404,"{"code":"USER_NOT_FOUND","message":"Employee not found","metadata":{}}",404,"{"code":"USER_NOT_FOUND","message":"Employee not found","metadata":{}}"
009066,2026-08-27 15:34:11,2026-08-27T21:34:11.000Z,MINATITLAN,DS-K1T673DWX-E120260212V044800ENGS8956847,404,"{"code":"USER_NOT_FOUND","message":"Employee not found","metadata":{}}",404,"{"code":"USER_NOT_FOUND","message":"Employee not found","metadata":{}}"
009066,2026-08-27 15:59:18,2026-08-27T21:59:18.000Z,MINATITLAN,DS-K1T673DWX-E120260212V044800ENGS8956847,404,"{"code":"USER_NOT_FOUND","message":"Employee not found","metadata":{}}",404,"{"code":"USER_NOT_FOUND","message":"Employee not found","metadata":{}}"
009066,2026-08-27 18:05:33,2026-08-28T00:05:33.000Z,MINATITLAN,DS-K1T673DWX-E120260212V044800ENGS8956847,404,"{"code":"USER_NOT_FOUND","message":"Employee not found","metadata":{}}",404,"{"code":"USER_NOT_FOUND","message":"Employee not found","metadata":{}}"
009066,2026-08-28 06:08:47,2026-08-28T12:08:47.000Z,MINATITLAN,DS-K1T673DWX-E120260212V044800ENGS8956847,404,"{"code":"USER_NOT_FOUND","message":"Employee not found","metadata":{}}",404,"{"code":"USER_NOT_FOUND","message":"Employee not found","metadata":{}}"
009066,2026-08-28 15:32:49,2026-08-28T21:32:49.000Z,MINATITLAN,DS-K1T673DWX-E120260212V044800ENGS8956847,404,"{"code":"USER_NOT_FOUND","message":"Employee not found","metadata":{}}",404,"{"code":"USER_NOT_FOUND","message":"Employee not found","metadata":{}}"
009066,2026-08-28 15:52:40,2026-08-28T21:52:40.000Z,MINATITLAN,DS-K1T673DWX-E120260212V044800ENGS8956847,404,"{"code":"USER_NOT_FOUND","message":"Employee not found","metadata":{}}",404,"{"code":"USER_NOT_FOUND","message":"Employee not found","metadata":{}}"
009066,2026-08-28 18:09:11,2026-08-29T00:09:11.000Z,MINATITLAN,DS-K1T673DWX-E120260212V044800ENGS8956847,404,"{"code":"USER_NOT_FOUND","message":"Employee not found","metadata":{}}",404,"{"code":"USER_NOT_FOUND","message":"Employee not found","metadata":{}}"
009066,2026-08-31 05:59:23,2026-08-31T11:59:23.000Z,MINATITLAN,DS-K1T673DWX-E120260212V044800ENGS8956847,404,"{"code":"USER_NOT_FOUND","message":"Employee not found","metadata":{}}",404,"{"code":"USER_NOT_FOUND","message":"Employee not found","metadata":{}}"
009066,2026-08-31 15:36:34,2026-08-31T21:36:34.000Z,PLANTA CONVERSION,DS-K1T673DWX-E120260212V044800ENGS8956847,404,"{"code":"USER_NOT_FOUND","message":"Employee not found","metadata":{}}",404,"{"code":"USER_NOT_FOUND","message":"Employee not found","metadata":{}}"
009066,2026-08-31 16:01:44,2026-08-31T22:01:44.000Z,PLANTA CONVERSION,DS-K1T673DWX-E120260212V044800ENGS8956847,404,"{"code":"USER_NOT_FOUND","message":"Employee not found","metadata":{}}",404,"{"code":"USER_NOT_FOUND","message":"Employee not found","metadata":{}}"
009066,2026-08-31 18:03:13,2026-09-01T00:03:13.000Z,PLANTA CONVERSION,DS-K1T673DWX-E120260212V044800ENGS8956847,404,"{"code":"USER_NOT_FOUND","message":"Employee not found","metadata":{}}",404,"{"code":"USER_NOT_FOUND","message":"Employee not found","metadata":{}}"
002133,2026-09-01 16:06:52,2026-09-01T22:06:52.000Z,CORPORATIVO,DS-K1T673DWX-E120251027V044180ENGN3228248,422,"{"code":"TIME_TRACKING_ENTRY_DUPLICATE","message":"Can't create two entries of the same type in a row","metadata":{}}",422,"{"code":"TIME_TRACKING_ENTRY_DUPLICATE","message":"Can't create two entries of the same type in a row","metadata":{}}"
002133,2026-09-02 12:02:33,2026-09-02T18:02:33.000Z,CORPORATIVO,DS-K1T673DWX-E120251027V044180ENGN3228248,422,"{"code":"TIME_TRACKING_ENTRY_DUPLICATE","message":"Can't create two entries of the same type in a row","metadata":{}}",422,"{"code":"TIME_TRACKING_ENTRY_DUPLICATE","message":"Can't create two entries of the same type in a row","metadata":{}}"
009066,2026-09-02 05:58:58,2026-09-02T11:58:58.000Z,PLANTA CONVERSION,DS-K1T673DWX-E120260212V044800ENGS8956847,404,"{"code":"USER_NOT_FOUND","message":"Employee not found","metadata":{}}",404,"{"code":"USER_NOT_FOUND","message":"Employee not found","metadata":{}}"
009066,2026-09-02 16:01:57,2026-09-02T22:01:57.000Z,PLANTA CONVERSION,DS-K1T673DWX-E120260212V044800ENGS8956847,404,"{"code":"USER_NOT_FOUND","message":"Employee not found","metadata":{}}",404,"{"code":"USER_NOT_FOUND","message":"Employee not found","metadata":{}}"
009066,2026-09-02 16:38:22,2026-09-02T22:38:22.000Z,PLANTA CONVERSION,DS-K1T673DWX-E120260212V044800ENGS8956847,404,"{"code":"USER_NOT_FOUND","message":"Employee not found","metadata":{}}",404,"{"code":"USER_NOT_FOUND","message":"Employee not found","metadata":{}}"
009066,2026-09-02 18:04:47,2026-09-03T00:04:47.000Z,PLANTA CONVERSION,DS-K1T673DWX-E120260212V044800ENGS8956847,404,"{"code":"USER_NOT_FOUND","message":"Employee not found","metadata":{}}",404,"{"code":"USER_NOT_FOUND","message":"Employee not found","metadata":{}}"
009066,2026-09-03 06:00:22,2026-09-03T12:00:22.000Z,PLANTA CONVERSION,DS-K1T673DWX-E120260212V044800ENGS8956847,404,"{"code":"USER_NOT_FOUND","message":"Employee not found","metadata":{}}",404,"{"code":"USER_NOT_FOUND","message":"Employee not found","metadata":{}}"
008866,2026-09-03 12:01:12,2026-09-03T18:01:12.000Z,PLANTA CONVERSION,DS-K1T673DWX-E120260212V044800ENGS8956847,403,"{"code":"ACCESS_DENIED","message":"The provided user has no access to this resource","metadata":{}}",403,"{"code":"ACCESS_DENIED","message":"The provided user has no access to this resource","metadata":{}}"
008481,2026-09-03 12:01:38,2026-09-03T18:01:38.000Z,PLANTA CONVERSION,DS-K1T673DWX-E120260212V044800ENGS8956847,403,"{"code":"ACCESS_DENIED","message":"The provided user has no access to this resource","metadata":{}}",403,"{"code":"ACCESS_DENIED","message":"The provided user has no access to this resource","metadata":{}}"
008544,2026-09-03 12:02:08,2026-09-03T18:02:08.000Z,PLANTA CONVERSION,DS-K1T673DWX-E120260212V044800ENGS8956847,403,"{"code":"ACCESS_DENIED","message":"The provided user has no access to this resource","metadata":{}}",403,"{"code":"ACCESS_DENIED","message":"The provided user has no access to this resource","metadata":{}}"
002769,2026-09-03 12:02:31,2026-09-03T18:02:31.000Z,CORPORATIVO,DS-K1T673DWX-E120251027V044180ENGN3228248,403,"{"code":"ACCESS_DENIED","message":"The provided user has no access to this resource","metadata":{}}",403,"{"code":"ACCESS_DENIED","message":"The provided user has no access to this resource","metadata":{}}"
002406,2026-09-03 12:03:02,2026-09-03T18:03:02.000Z,TEXCOCO,DS-K1T673DWX-E120251027V044180ENGN3228057,403,"{"code":"ACCESS_DENIED","message":"The provided user has no access to this resource","metadata":{}}",403,"{"code":"ACCESS_DENIED","message":"The provided user has no access to this resource","metadata":{}}"
008962,2026-09-03 12:03:10,2026-09-03T18:03:10.000Z,PLANTA CONVERSION,DS-K1T673DWX-E120260212V044800ENGS8956847,403,"{"code":"ACCESS_DENIED","message":"The provided user has no access to this resource","metadata":{}}",403,"{"code":"ACCESS_DENIED","message":"The provided user has no access to this resource","metadata":{}}"
008827,2026-09-03 12:03:37,2026-09-03T18:03:37.000Z,PLANTA CONVERSION,DS-K1T673DWX-E120260212V044800ENGS8956847,403,"{"code":"ACCESS_DENIED","message":"The provided user has no access to this resource","metadata":{}}",403,"{"code":"ACCESS_DENIED","message":"The provided user has no access to this resource","metadata":{}}"
008694,2026-09-03 12:04:06,2026-09-03T18:04:06.000Z,PLANTA CONVERSION,DS-K1T673DWX-E120260212V044800ENGS8956847,403,"{"code":"ACCESS_DENIED","message":"The provided user has no access to this resource","metadata":{}}",403,"{"code":"ACCESS_DENIED","message":"The provided user has no access to this resource","metadata":{}}"
002588,2026-09-03 12:06:14,2026-09-03T18:06:14.000Z,TEXCOCO,DS-K1T673DWX-E120251027V044180ENGN3228057,403,"{"code":"ACCESS_DENIED","message":"The provided user has no access to this resource","metadata":{}}",403,"{"code":"ACCESS_DENIED","message":"The provided user has no access to this resource","metadata":{}}"
008916,2026-09-03 12:06:26,2026-09-03T18:06:26.000Z,PLANTA CONVERSION,DS-K1T673DWX-E120260212V044800ENGS8956847,403,"{"code":"ACCESS_DENIED","message":"The provided user has no access to this resource","metadata":{}}",403,"{"code":"ACCESS_DENIED","message":"The provided user has no access to this resource","metadata":{}}"
002566,2026-09-03 12:06:45,2026-09-03T18:06:45.000Z,PLANTA CONVERSION,DS-K1T673DWX-E120260212V044800ENGS8956847,403,"{"code":"ACCESS_DENIED","message":"The provided user has no access to this resource","metadata":{}}",403,"{"code":"ACCESS_DENIED","message":"The provided user has no access to this resource","metadata":{}}"
008075,2026-09-03 12:07:45,2026-09-03T18:07:45.000Z,PLANTA CONVERSION,DS-K1T673DWX-E120260212V044800ENGS8956847,403,"{"code":"ACCESS_DENIED","message":"The provided user has no access to this resource","metadata":{}}",403,"{"code":"ACCESS_DENIED","message":"The provided user has no access to this resource","metadata":{}}"
007017,2026-09-03 12:07:55,2026-09-03T18:07:55.000Z,PLANTA CONVERSION,DS-K1T673DWX-E120260212V044800ENGS8956847,403,"{"code":"ACCESS_DENIED","message":"The provided user has no access to this resource","metadata":{}}",403,"{"code":"ACCESS_DENIED","message":"The provided user has no access to this resource","metadata":{}}"
008052,2026-09-03 12:08:31,2026-09-03T18:08:31.000Z,PLANTA COATING,DS-K1T673DWX-E120251027V044180ENGN3227937,403,"{"code":"ACCESS_DENIED","message":"The provided user has no access to this resource","metadata":{}}",403,"{"code":"ACCESS_DENIED","message":"The provided user has no access to this resource","metadata":{}}"
008614,2026-09-03 12:08:42,2026-09-03T18:08:42.000Z,PLANTA COATING,DS-K1T673DWX-E120251027V044180ENGN3227937,403,"{"code":"ACCESS_DENIED","message":"The provided user has no access to this resource","metadata":{}}",403,"{"code":"ACCESS_DENIED","message":"The provided user has no access to this resource","metadata":{}}"
007940,2026-09-03 12:10:02,2026-09-03T18:10:02.000Z,PLANTA CONVERSION,DS-K1T673DWX-E120260212V044800ENGS8956847,403,"{"code":"ACCESS_DENIED","message":"The provided user has no access to this resource","metadata":{}}",403,"{"code":"ACCESS_DENIED","message":"The provided user has no access to this resource","metadata":{}}"
001744,2026-09-03 12:10:47,2026-09-03T18:10:47.000Z,PLANTA CONVERSION,DS-K1T673DWX-E120260212V044800ENGS8956847,403,"{"code":"ACCESS_DENIED","message":"The provided user has no access to this resource","metadata":{}}",403,"{"code":"ACCESS_DENIED","message":"The provided user has no access to this resource","metadata":{}}"
002719,2026-09-03 12:11:01,2026-09-03T18:11:01.000Z,GUADALAJARA,DS-K1T673DWX-E120251027V044180ENGN3228223,403,"{"code":"ACCESS_DENIED","message":"The provided user has no access to this resource","metadata":{}}",403,"{"code":"ACCESS_DENIED","message":"The provided user has no access to this resource","metadata":{}}"
008409,2026-09-03 12:11:07,2026-09-03T18:11:07.000Z,PLANTA COATING,DS-K1T673DWX-E120251027V044180ENGN3227937,403,"{"code":"ACCESS_DENIED","message":"The provided user has no access to this resource","metadata":{}}",403,"{"code":"ACCESS_DENIED","message":"The provided user has no access to this resource","metadata":{}}"
006107,2026-09-03 12:11:16,2026-09-03T18:11:16.000Z,PLANTA COATING,DS-K1T673DWX-E120251027V044180ENGN3227937,403,"{"code":"ACCESS_DENIED","message":"The provided user has no access to this resource","metadata":{}}",403,"{"code":"ACCESS_DENIED","message":"The provided user has no access to this resource","metadata":{}}"
001906,2026-09-03 12:30:57,2026-09-03T18:30:57.000Z,PLANTA COATING,DS-K1T673DWX-E120251027V044180ENGN3227937,403,"{"code":"ACCESS_DENIED","message":"The provided user has no access to this resource","metadata":{}}",403,"{"code":"ACCESS_DENIED","message":"The provided user has no access to this resource","metadata":{}}"
008694,2026-09-03 12:31:50,2026-09-03T18:31:50.000Z,PLANTA CONVERSION,DS-K1T673DWX-E120260212V044800ENGS8956847,403,"{"code":"ACCESS_DENIED","message":"The provided user has no access to this resource","metadata":{}}",403,"{"code":"ACCESS_DENIED","message":"The provided user has no access to this resource","metadata":{}}"
002566,2026-09-03 12:33:01,2026-09-03T18:33:01.000Z,PLANTA CONVERSION,DS-K1T673DWX-E120260212V044800ENGS8956847,403,"{"code":"ACCESS_DENIED","message":"The provided user has no access to this resource","metadata":{}}",403,"{"code":"ACCESS_DENIED","message":"The provided user has no access to this resource","metadata":{}}"
007179,2026-09-03 12:35:14,2026-09-03T18:35:14.000Z,PLANTA CONVERSION,DS-K1T673DWX-E120260212V044800ENGS8956847,403,"{"code":"ACCESS_DENIED","message":"The provided user has no access to this resource","metadata":{}}",403,"{"code":"ACCESS_DENIED","message":"The provided user has no access to this resource","metadata":{}}"
008804,2026-09-03 12:35:23,2026-09-03T18:35:23.000Z,PLANTA CONVERSION,DS-K1T673DWX-E120260212V044800ENGS8956847,403,"{"code":"ACCESS_DENIED","message":"The provided user has no access to this resource","metadata":{}}",403,"{"code":"ACCESS_DENIED","message":"The provided user has no access to this resource","metadata":{}}"
001223,2026-09-03 12:35:32,2026-09-03T18:35:32.000Z,PLANTA COATING,DS-K1T673DWX-E120251027V044180ENGN3227937,403,"{"code":"ACCESS_DENIED","message":"The provided user has no access to this resource","metadata":{}}",403,"{"code":"ACCESS_DENIED","message":"The provided user has no access to this resource","metadata":{}}"
002221,2026-09-03 12:35:57,2026-09-03T18:35:57.000Z,CORPORATIVO,DS-K1T673DWX-E120251027V044180ENGN3228248,403,"{"code":"ACCESS_DENIED","message":"The provided user has no access to this resource","metadata":{}}",403,"{"code":"ACCESS_DENIED","message":"The provided user has no access to this resource","metadata":{}}"
008614,2026-09-03 12:36:10,2026-09-03T18:36:10.000Z,PLANTA COATING,DS-K1T673DWX-E120251027V044180ENGN3227937,403,"{"code":"ACCESS_DENIED","message":"The provided user has no access to this resource","metadata":{}}",403,"{"code":"ACCESS_DENIED","message":"The provided user has no access to this resource","metadata":{}}"
006107,2026-09-03 12:36:20,2026-09-03T18:36:20.000Z,PLANTA COATING,DS-K1T673DWX-E120251027V044180ENGN3227937,403,"{"code":"ACCESS_DENIED","message":"The provided user has no access to this resource","metadata":{}}",403,"{"code":"ACCESS_DENIED","message":"The provided user has no access to this resource","metadata":{}}"
008052,2026-09-03 12:36:31,2026-09-03T18:36:31.000Z,PLANTA COATING,DS-K1T673DWX-E120251027V044180ENGN3227937,403,"{"code":"ACCESS_DENIED","message":"The provided user has no access to this resource","metadata":{}}",403,"{"code":"ACCESS_DENIED","message":"The provided user has no access to this resource","metadata":{}}"
008684,2026-09-03 12:37:37,2026-09-03T18:37:37.000Z,PLANTA COATING,DS-K1T673DWX-E120251027V044180ENGN3227937,403,"{"code":"ACCESS_DENIED","message":"The provided user has no access to this resource","metadata":{}}",403,"{"code":"ACCESS_DENIED","message":"The provided user has no access to this resource","metadata":{}}"
007624,2026-09-03 12:41:45,2026-09-03T18:41:45.000Z,PLANTA CONVERSION,DS-K1T673DWX-E120260212V044800ENGS8956847,403,"{"code":"ACCESS_DENIED","message":"The provided user has no access to this resource","metadata":{}}",403,"{"code":"ACCESS_DENIED","message":"The provided user has no access to this resource","metadata":{}}"
001744,2026-09-03 12:42:23,2026-09-03T18:42:23.000Z,PLANTA CONVERSION,DS-K1T673DWX-E120260212V044800ENGS8956847,403,"{"code":"ACCESS_DENIED","message":"The provided user has no access to this resource","metadata":{}}",403,"{"code":"ACCESS_DENIED","message":"The provided user has no access to this resource","metadata":{}}"
008916,2026-09-03 12:43:17,2026-09-03T18:43:17.000Z,PLANTA CONVERSION,DS-K1T673DWX-E120260212V044800ENGS8956847,403,"{"code":"ACCESS_DENIED","message":"The provided user has no access to this resource","metadata":{}}",403,"{"code":"ACCESS_DENIED","message":"The provided user has no access to this resource","metadata":{}}"
008075,2026-09-03 12:44:25,2026-09-03T18:44:25.000Z,PLANTA CONVERSION,DS-K1T673DWX-E120260212V044800ENGS8956847,403,"{"code":"ACCESS_DENIED","message":"The provided user has no access to this resource","metadata":{}}",403,"{"code":"ACCESS_DENIED","message":"The provided user has no access to this resource","metadata":{}}"
016250,2026-09-03 12:49:47,2026-09-03T18:49:47.000Z,PLANTA CONVERSION,DS-K1T673DWX-E120260212V044800ENGS8956847,403,"{"code":"ACCESS_DENIED","message":"The provided user has no access to this resource","metadata":{}}",403,"{"code":"ACCESS_DENIED","message":"The provided user has no access to this resource","metadata":{}}"
008684,2026-09-03 12:56:03,2026-09-03T18:56:03.000Z,PLANTA COATING,DS-K1T673DWX-E120251027V044180ENGN3227937,403,"{"code":"ACCESS_DENIED","message":"The provided user has no access to this resource","metadata":{}}",403,"{"code":"ACCESS_DENIED","message":"The provided user has no access to this resource","metadata":{}}"
001906,2026-09-03 12:56:43,2026-09-03T18:56:43.000Z,PLANTA COATING,DS-K1T673DWX-E120251027V044180ENGN3227937,403,"{"code":"ACCESS_DENIED","message":"The provided user has no access to this resource","metadata":{}}",403,"{"code":"ACCESS_DENIED","message":"The provided user has no access to this resource","metadata":{}}"
001433,2026-09-03 12:56:48,2026-09-03T18:56:48.000Z,PLANTA COATING,DS-K1T673DWX-E120251027V044180ENGN3227937,403,"{"code":"ACCESS_DENIED","message":"The provided user has no access to this resource","metadata":{}}",403,"{"code":"ACCESS_DENIED","message":"The provided user has no access to this resource","metadata":{}}"
002769,2026-09-03 12:59:27,2026-09-03T18:59:27.000Z,CORPORATIVO,DS-K1T673DWX-E120251027V044180ENGN3228248,403,"{"code":"ACCESS_DENIED","message":"The provided user has no access to this resource","metadata":{}}",403,"{"code":"ACCESS_DENIED","message":"The provided user has no access to this resource","metadata":{}}"
002094,2026-09-03 13:00:43,2026-09-03T19:00:43.000Z,CORPORATIVO,DS-K1T673DWX-E120251027V044180ENGN3228248,403,"{"code":"ACCESS_DENIED","message":"The provided user has no access to this resource","metadata":{}}",403,"{"code":"ACCESS_DENIED","message":"The provided user has no access to this resource","metadata":{}}"
002807,2026-09-03 13:02:01,2026-09-03T19:02:01.000Z,CORPORATIVO,DS-K1T673DWX-E120251027V044180ENGN3228248,403,"{"code":"ACCESS_DENIED","message":"The provided user has no access to this resource","metadata":{}}",403,"{"code":"ACCESS_DENIED","message":"The provided user has no access to this resource","metadata":{}}"
110187,2026-09-03 13:02:36,2026-09-03T19:02:36.000Z,BURBUTEK,DS-K1T673DWX-E120260212V044800ENGS8956846,403,"{"code":"ACCESS_DENIED","message":"The provided user has no access to this resource","metadata":{}}",403,"{"code":"ACCESS_DENIED","message":"The provided user has no access to this resource","metadata":{}}"
001075,2026-09-03 13:02:47,2026-09-03T19:02:47.000Z,CORPORATIVO,DS-K1T673DWX-E120251027V044180ENGN3228248,403,"{"code":"ACCESS_DENIED","message":"The provided user has no access to this resource","metadata":{}}",403,"{"code":"ACCESS_DENIED","message":"The provided user has no access to this resource","metadata":{}}"
002588,2026-09-03 13:03:36,2026-09-03T19:03:36.000Z,TEXCOCO,DS-K1T673DWX-E120251027V044180ENGN3228057,403,"{"code":"ACCESS_DENIED","message":"The provided user has no access to this resource","metadata":{}}",403,"{"code":"ACCESS_DENIED","message":"The provided user has no access to this resource","metadata":{}}"
002634,2026-09-03 13:04:12,2026-09-03T19:04:12.000Z,CORPORATIVO,DS-K1T673DWX-E120251027V044180ENGN3228248,403,"{"code":"ACCESS_DENIED","message":"The provided user has no access to this resource","metadata":{}}",403,"{"code":"ACCESS_DENIED","message":"The provided user has no access to this resource","metadata":{}}"
002640,2026-09-03 13:04:24,2026-09-03T19:04:24.000Z,CORPORATIVO,DS-K1T673DWX-E120251027V044180ENGN3228248,403,"{"code":"ACCESS_DENIED","message":"The provided user has no access to this resource","metadata":{}}",403,"{"code":"ACCESS_DENIED","message":"The provided user has no access to this resource","metadata":{}}"
002642,2026-09-03 13:04:30,2026-09-03T19:04:30.000Z,CORPORATIVO,DS-K1T673DWX-E120251027V044180ENGN3228248,403,"{"code":"ACCESS_DENIED","message":"The provided user has no access to this resource","metadata":{}}",403,"{"code":"ACCESS_DENIED","message":"The provided user has no access to this resource","metadata":{}}"
002406,2026-09-03 13:04:36,2026-09-03T19:04:36.000Z,TEXCOCO,DS-K1T673DWX-E120251027V044180ENGN3228057,403,"{"code":"ACCESS_DENIED","message":"The provided user has no access to this resource","metadata":{}}",403,"{"code":"ACCESS_DENIED","message":"The provided user has no access to this resource","metadata":{}}"
001691,2026-09-03 13:04:54,2026-09-03T19:04:54.000Z,TEXCOCO,DS-K1T673DWX-E120251027V044180ENGN3228057,403,"{"code":"ACCESS_DENIED","message":"The provided user has no access to this resource","metadata":{}}",403,"{"code":"ACCESS_DENIED","message":"The provided user has no access to this resource","metadata":{}}"
002819,2026-09-03 13:05:37,2026-09-03T19:05:37.000Z,CORPORATIVO,DS-K1T673DWX-E120251027V044180ENGN3228248,403,"{"code":"ACCESS_DENIED","message":"The provided user has no access to this resource","metadata":{}}",403,"{"code":"ACCESS_DENIED","message":"The provided user has no access to this resource","metadata":{}}"
002803,2026-09-03 13:07:13,2026-09-03T19:07:13.000Z,CORPORATIVO,DS-K1T673DWX-E120251027V044180ENGN3228248,403,"{"code":"ACCESS_DENIED","message":"The provided user has no access to this resource","metadata":{}}",403,"{"code":"ACCESS_DENIED","message":"The provided user has no access to this resource","metadata":{}}"
007624,2026-09-03 13:07:58,2026-09-03T19:07:58.000Z,PLANTA CONVERSION,DS-K1T673DWX-E120260212V044800ENGS8956847,403,"{"code":"ACCESS_DENIED","message":"The provided user has no access to this resource","metadata":{}}",403,"{"code":"ACCESS_DENIED","message":"The provided user has no access to this resource","metadata":{}}"
002780,2026-09-03 13:08:34,2026-09-03T19:08:34.000Z,TEXCOCO,DS-K1T673DWX-E120251027V044180ENGN3228057,403,"{"code":"ACCESS_DENIED","message":"The provided user has no access to this resource","metadata":{}}",403,"{"code":"ACCESS_DENIED","message":"The provided user has no access to this resource","metadata":{}}"
016250,2026-09-03 13:08:49,2026-09-03T19:08:49.000Z,PLANTA CONVERSION,DS-K1T673DWX-E120260212V044800ENGS8956847,403,"{"code":"ACCESS_DENIED","message":"The provided user has no access to this resource","metadata":{}}",403,"{"code":"ACCESS_DENIED","message":"The provided user has no access to this resource","metadata":{}}"
007179,2026-09-03 13:09:07,2026-09-03T19:09:07.000Z,PLANTA CONVERSION,DS-K1T673DWX-E120260212V044800ENGS8956847,403,"{"code":"ACCESS_DENIED","message":"The provided user has no access to this resource","metadata":{}}",403,"{"code":"ACCESS_DENIED","message":"The provided user has no access to this resource","metadata":{}}"
008804,2026-09-03 13:09:19,2026-09-03T19:09:19.000Z,PLANTA CONVERSION,DS-K1T673DWX-E120260212V044800ENGS8956847,403,"{"code":"ACCESS_DENIED","message":"The provided user has no access to this resource","metadata":{}}",403,"{"code":"ACCESS_DENIED","message":"The provided user has no access to this resource","metadata":{}}"
002822,2026-09-03 13:10:49,2026-09-03T19:10:49.000Z,PLANTA CONVERSION,DS-K1T673DWX-E120260212V044800ENGS8956847,403,"{"code":"ACCESS_DENIED","message":"The provided user has no access to this resource","metadata":{}}",403,"{"code":"ACCESS_DENIED","message":"The provided user has no access to this resource","metadata":{}}"
001866,2026-09-03 13:13:07,2026-09-03T19:13:07.000Z,CORPORATIVO,DS-K1T673DWX-E120251027V044180ENGN3228248,403,"{"code":"ACCESS_DENIED","message":"The provided user has no access to this resource","metadata":{}}",403,"{"code":"ACCESS_DENIED","message":"The provided user has no access to this resource","metadata":{}}"
001426,2026-09-03 13:14:32,2026-09-03T19:14:32.000Z,TEXCOCO,DS-K1T673DWX-E120251027V044180ENGN3228057,403,"{"code":"ACCESS_DENIED","message":"The provided user has no access to this resource","metadata":{}}",403,"{"code":"ACCESS_DENIED","message":"The provided user has no access to this resource","metadata":{}}"
100233,2026-09-03 13:16:16,2026-09-03T19:16:16.000Z,BURBUTEK,DS-K1T673DWX-E120260212V044800ENGS8956846,403,"{"code":"ACCESS_DENIED","message":"The provided user has no access to this resource","metadata":{}}",403,"{"code":"ACCESS_DENIED","message":"The provided user has no access to this resource","metadata":{}}"
100442,2026-09-03 13:16:23,2026-09-03T19:16:23.000Z,BURBUTEK,DS-K1T673DWX-E120260212V044800ENGS8956846,403,"{"code":"ACCESS_DENIED","message":"The provided user has no access to this resource","metadata":{}}",403,"{"code":"ACCESS_DENIED","message":"The provided user has no access to this resource","metadata":{}}"
002740,2026-09-03 13:17:26,2026-09-03T19:17:26.000Z,CORPORATIVO,DS-K1T673DWX-E120251027V044180ENGN3228248,403,"{"code":"ACCESS_DENIED","message":"The provided user has no access to this resource","metadata":{}}",403,"{"code":"ACCESS_DENIED","message":"The provided user has no access to this resource","metadata":{}}"
000913,2026-09-03 13:18:30,2026-09-03T19:18:30.000Z,PLANTA CONVERSION,DS-K1T673DWX-E120260212V044800ENGS8956847,403,"{"code":"ACCESS_DENIED","message":"The provided user has no access to this resource","metadata":{}}",403,"{"code":"ACCESS_DENIED","message":"The provided user has no access to this resource","metadata":{}}"
002189,2026-09-03 13:18:37,2026-09-03T19:18:37.000Z,PLANTA CONVERSION,DS-K1T673DWX-E120260212V044800ENGS8956847,403,"{"code":"ACCESS_DENIED","message":"The provided user has no access to this resource","metadata":{}}",403,"{"code":"ACCESS_DENIED","message":"The provided user has no access to this resource","metadata":{}}"
002735,2026-09-03 13:20:54,2026-09-03T19:20:54.000Z,PLANTA CONVERSION,DS-K1T673DWX-E120260212V044800ENGS8956847,403,"{"code":"ACCESS_DENIED","message":"The provided user has no access to this resource","metadata":{}}",403,"{"code":"ACCESS_DENIED","message":"The provided user has no access to this resource","metadata":{}}"
002806,2026-09-03 13:22:17,2026-09-03T19:22:17.000Z,PLANTA COATING,DS-K1T673DWX-E120251027V044180ENGN3227937,403,"{"code":"ACCESS_DENIED","message":"The provided user has no access to this resource","metadata":{}}",403,"{"code":"ACCESS_DENIED","message":"The provided user has no access to this resource","metadata":{}}"
002249,2026-09-03 13:24:14,2026-09-03T19:24:14.000Z,PLANTA CONVERSION,DS-K1T673DWX-E120260212V044800ENGS8956847,403,"{"code":"ACCESS_DENIED","message":"The provided user has no access to this resource","metadata":{}}",403,"{"code":"ACCESS_DENIED","message":"The provided user has no access to this resource","metadata":{}}"
110799,2026-09-03 13:25:00,2026-09-03T19:25:00.000Z,BURBUTEK,DS-K1T673DWX-E120260212V044800ENGS8956846,403,"{"code":"ACCESS_DENIED","message":"The provided user has no access to this resource","metadata":{}}",403,"{"code":"ACCESS_DENIED","message":"The provided user has no access to this resource","metadata":{}}"
009058,2026-09-03 13:29:22,2026-09-03T19:29:22.000Z,PLANTA CONVERSION,DS-K1T673DWX-E120260212V044800ENGS8956847,403,"{"code":"ACCESS_DENIED","message":"The provided user has no access to this resource","metadata":{}}",403,"{"code":"ACCESS_DENIED","message":"The provided user has no access to this resource","metadata":{}}"
004620,2026-09-03 13:31:09,2026-09-03T19:31:09.000Z,PLANTA CONVERSION,DS-K1T673DWX-E120260212V044800ENGS8956847,403,"{"code":"ACCESS_DENIED","message":"The provided user has no access to this resource","metadata":{}}",403,"{"code":"ACCESS_DENIED","message":"The provided user has no access to this resource","metadata":{}}"
008601,2026-09-03 13:31:28,2026-09-03T19:31:28.000Z,PLANTA CONVERSION,DS-K1T673DWX-E120260212V044800ENGS8956847,403,"{"code":"ACCESS_DENIED","message":"The provided user has no access to this resource","metadata":{}}",403,"{"code":"ACCESS_DENIED","message":"The provided user has no access to this resource","metadata":{}}"
008826,2026-09-03 13:32:26,2026-09-03T19:32:26.000Z,PLANTA CONVERSION,DS-K1T673DWX-E120260212V044800ENGS8956847,403,"{"code":"ACCESS_DENIED","message":"The provided user has no access to this resource","metadata":{}}",403,"{"code":"ACCESS_DENIED","message":"The provided user has no access to this resource","metadata":{}}"
000687,2026-09-03 13:32:57,2026-09-03T19:32:57.000Z,CORPORATIVO,DS-K1T673DWX-E120251027V044180ENGN3228248,403,"{"code":"ACCESS_DENIED","message":"The provided user has no access to this resource","metadata":{}}",403,"{"code":"ACCESS_DENIED","message":"The provided user has no access to this resource","metadata":{}}"
002578,2026-09-03 13:34:46,2026-09-03T19:34:46.000Z,TEXCOCO,DS-K1T673DWX-E120251027V044180ENGN3228057,403,"{"code":"ACCESS_DENIED","message":"The provided user has no access to this resource","metadata":{}}",403,"{"code":"ACCESS_DENIED","message":"The provided user has no access to this resource","metadata":{}}"
002779,2026-09-03 13:35:06,2026-09-03T19:35:06.000Z,CORPORATIVO,DS-K1T673DWX-E120251027V044180ENGN3228248,403,"{"code":"ACCESS_DENIED","message":"The provided user has no access to this resource","metadata":{}}",403,"{"code":"ACCESS_DENIED","message":"The provided user has no access to this resource","metadata":{}}"
016543,2026-09-03 13:37:54,2026-09-03T19:37:54.000Z,PLANTA CONVERSION,DS-K1T673DWX-E120260212V044800ENGS8956847,403,"{"code":"ACCESS_DENIED","message":"The provided user has no access to this resource","metadata":{}}",403,"{"code":"ACCESS_DENIED","message":"The provided user has no access to this resource","metadata":{}}"
001223,2026-09-03 13:38:24,2026-09-03T19:38:24.000Z,PLANTA COATING,DS-K1T673DWX-E120251027V044180ENGN3227937,403,"{"code":"ACCESS_DENIED","message":"The provided user has no access to this resource","metadata":{}}",403,"{"code":"ACCESS_DENIED","message":"The provided user has no access to this resource","metadata":{}}"
002821,2026-09-03 13:39:57,2026-09-03T19:39:57.000Z,CORPORATIVO,DS-K1T673DWX-E120251027V044180ENGN3228248,403,"{"code":"ACCESS_DENIED","message":"The provided user has no access to this resource","metadata":{}}",403,"{"code":"ACCESS_DENIED","message":"The provided user has no access to this resource","metadata":{}}"
008030,2026-09-03 13:40:06,2026-09-03T19:40:06.000Z,PLANTA CONVERSION,DS-K1T673DWX-E120260212V044800ENGS8956847,403,"{"code":"ACCESS_DENIED","message":"The provided user has no access to this resource","metadata":{}}",403,"{"code":"ACCESS_DENIED","message":"The provided user has no access to this resource","metadata":{}}"
008241,2026-09-03 13:41:21,2026-09-03T19:41:21.000Z,PLANTA CONVERSION,DS-K1T673DWX-E120260212V044800ENGS8956847,403,"{"code":"ACCESS_DENIED","message":"The provided user has no access to this resource","metadata":{}}",403,"{"code":"ACCESS_DENIED","message":"The provided user has no access to this resource","metadata":{}}"
007976,2026-09-03 13:42:21,2026-09-03T19:42:21.000Z,PLANTA CONVERSION,DS-K1T673DWX-E120260212V044800ENGS8956847,403,"{"code":"ACCESS_DENIED","message":"The provided user has no access to this resource","metadata":{}}",403,"{"code":"ACCESS_DENIED","message":"The provided user has no access to this resource","metadata":{}}"
008902,2026-09-03 13:42:29,2026-09-03T19:42:29.000Z,PLANTA CONVERSION,DS-K1T673DWX-E120260212V044800ENGS8956847,403,"{"code":"ACCESS_DENIED","message":"The provided user has no access to this resource","metadata":{}}",403,"{"code":"ACCESS_DENIED","message":"The provided user has no access to this resource","metadata":{}}"
009034,2026-09-03 13:43:31,2026-09-03T19:43:31.000Z,PLANTA CONVERSION,DS-K1T673DWX-E120260212V044800ENGS8956847,403,"{"code":"ACCESS_DENIED","message":"The provided user has no access to this resource","metadata":{}}",403,"{"code":"ACCESS_DENIED","message":"The provided user has no access to this resource","metadata":{}}"
100233,2026-09-03 13:43:39,2026-09-03T19:43:39.000Z,BURBUTEK,DS-K1T673DWX-E120260212V044800ENGS8956846,403,"{"code":"ACCESS_DENIED","message":"The provided user has no access to this resource","metadata":{}}",403,"{"code":"ACCESS_DENIED","message":"The provided user has no access to this resource","metadata":{}}"
007992,2026-09-03 13:44:43,2026-09-03T19:44:43.000Z,PLANTA CONVERSION,DS-K1T673DWX-E120260212V044800ENGS8956847,403,"{"code":"ACCESS_DENIED","message":"The provided user has no access to this resource","metadata":{}}",403,"{"code":"ACCESS_DENIED","message":"The provided user has no access to this resource","metadata":{}}"
002795,2026-09-03 13:44:54,2026-09-03T19:44:54.000Z,CORPORATIVO,DS-K1T673DWX-E120251027V044180ENGN3228248,403,"{"code":"ACCESS_DENIED","message":"The provided user has no access to this resource","metadata":{}}",403,"{"code":"ACCESS_DENIED","message":"The provided user has no access to this resource","metadata":{}}"
008314,2026-09-03 13:46:42,2026-09-03T19:46:42.000Z,PLANTA CONVERSION,DS-K1T673DWX-E120260212V044800ENGS8956847,403,"{"code":"ACCESS_DENIED","message":"The provided user has no access to this resource","metadata":{}}",403,"{"code":"ACCESS_DENIED","message":"The provided user has no access to this resource","metadata":{}}"
008580,2026-09-03 13:47:00,2026-09-03T19:47:00.000Z,PLANTA CONVERSION,DS-K1T673DWX-E120260212V044800ENGS8956847,403,"{"code":"ACCESS_DENIED","message":"The provided user has no access to this resource","metadata":{}}",403,"{"code":"ACCESS_DENIED","message":"The provided user has no access to this resource","metadata":{}}"
009045,2026-09-03 13:47:20,2026-09-03T19:47:20.000Z,PLANTA CONVERSION,DS-K1T673DWX-E120260212V044800ENGS8956847,403,"{"code":"ACCESS_DENIED","message":"The provided user has no access to this resource","metadata":{}}",403,"{"code":"ACCESS_DENIED","message":"The provided user has no access to this resource","metadata":{}}"
110187,2026-09-03 13:47:23,2026-09-03T19:47:23.000Z,BURBUTEK,DS-K1T673DWX-E120260212V044800ENGS8956846,403,"{"code":"ACCESS_DENIED","message":"The provided user has no access to this resource","metadata":{}}",403,"{"code":"ACCESS_DENIED","message":"The provided user has no access to this resource","metadata":{}}"
000636,2026-09-03 13:47:28,2026-09-03T19:47:28.000Z,PLANTA COATING,DS-K1T673DWX-E120251027V044180ENGN3227937,403,"{"code":"ACCESS_DENIED","message":"The provided user has no access to this resource","metadata":{}}",403,"{"code":"ACCESS_DENIED","message":"The provided user has no access to this resource","metadata":{}}"
002806,2026-09-03 13:47:39,2026-09-03T19:47:39.000Z,PLANTA COATING,DS-K1T673DWX-E120251027V044180ENGN3227937,403,"{"code":"ACCESS_DENIED","message":"The provided user has no access to this resource","metadata":{}}",403,"{"code":"ACCESS_DENIED","message":"The provided user has no access to this resource","metadata":{}}"
008896,2026-09-03 13:48:09,2026-09-03T19:48:09.000Z,PLANTA CONVERSION,DS-K1T673DWX-E120260212V044800ENGS8956847,403,"{"code":"ACCESS_DENIED","message":"The provided user has no access to this resource","metadata":{}}",403,"{"code":"ACCESS_DENIED","message":"The provided user has no access to this resource","metadata":{}}"
002249,2026-09-03 13:48:21,2026-09-03T19:48:21.000Z,PLANTA COATING,DS-K1T673DWX-E120251027V044180ENGN3227937,403,"{"code":"ACCESS_DENIED","message":"The provided user has no access to this resource","metadata":{}}",403,"{"code":"ACCESS_DENIED","message":"The provided user has no access to this resource","metadata":{}}"
008407,2026-09-03 13:48:46,2026-09-03T19:48:46.000Z,PLANTA CONVERSION,DS-K1T673DWX-E120260212V044800ENGS8956847,403,"{"code":"ACCESS_DENIED","message":"The provided user has no access to this resource","metadata":{}}",403,"{"code":"ACCESS_DENIED","message":"The provided user has no access to this resource","metadata":{}}"
002668,2026-09-03 13:49:01,2026-09-03T19:49:01.000Z,CORPORATIVO,DS-K1T673DWX-E120251027V044180ENGN3228248,403,"{"code":"ACCESS_DENIED","message":"The provided user has no access to this resource","metadata":{}}",403,"{"code":"ACCESS_DENIED","message":"The provided user has no access to this resource","metadata":{}}"
008425,2026-09-03 13:49:18,2026-09-03T19:49:18.000Z,PLANTA CONVERSION,DS-K1T673DWX-E120260212V044800ENGS8956847,403,"{"code":"ACCESS_DENIED","message":"The provided user has no access to this resource","metadata":{}}",403,"{"code":"ACCESS_DENIED","message":"The provided user has no access to this resource","metadata":{}}"
002822,2026-09-03 13:49:27,2026-09-03T19:49:27.000Z,PLANTA CONVERSION,DS-K1T673DWX-E120260212V044800ENGS8956847,403,"{"code":"ACCESS_DENIED","message":"The provided user has no access to this resource","metadata":{}}",403,"{"code":"ACCESS_DENIED","message":"The provided user has no access to this resource","metadata":{}}"
007808,2026-09-03 13:49:41,2026-09-03T19:49:41.000Z,PLANTA CONVERSION,DS-K1T673DWX-E120260212V044800ENGS8956847,403,"{"code":"ACCESS_DENIED","message":"The provided user has no access to this resource","metadata":{}}",403,"{"code":"ACCESS_DENIED","message":"The provided user has no access to this resource","metadata":{}}"
002803,2026-09-03 13:50:36,2026-09-03T19:50:36.000Z,CORPORATIVO,DS-K1T673DWX-E120251027V044180ENGN3228248,403,"{"code":"ACCESS_DENIED","message":"The provided user has no access to this resource","metadata":{}}",403,"{"code":"ACCESS_DENIED","message":"The provided user has no access to this resource","metadata":{}}"
008890,2026-09-03 13:50:36,2026-09-03T19:50:36.000Z,PLANTA CONVERSION,DS-K1T673DWX-E120260212V044800ENGS8956847,403,"{"code":"ACCESS_DENIED","message":"The provided user has no access to this resource","metadata":{}}",403,"{"code":"ACCESS_DENIED","message":"The provided user has no access to this resource","metadata":{}}"
008994,2026-09-03 13:51:18,2026-09-03T19:51:18.000Z,PLANTA CONVERSION,DS-K1T673DWX-E120260212V044800ENGS8956847,403,"{"code":"ACCESS_DENIED","message":"The provided user has no access to this resource","metadata":{}}",403,"{"code":"ACCESS_DENIED","message":"The provided user has no access to this resource","metadata":{}}"
008549,2026-09-03 13:52:09,2026-09-03T19:52:09.000Z,PLANTA CONVERSION,DS-K1T673DWX-E120260212V044800ENGS8956847,403,"{"code":"ACCESS_DENIED","message":"The provided user has no access to this resource","metadata":{}}",403,"{"code":"ACCESS_DENIED","message":"The provided user has no access to this resource","metadata":{}}"
008565,2026-09-03 13:52:18,2026-09-03T19:52:18.000Z,PLANTA CONVERSION,DS-K1T673DWX-E120260212V044800ENGS8956847,403,"{"code":"ACCESS_DENIED","message":"The provided user has no access to this resource","metadata":{}}",403,"{"code":"ACCESS_DENIED","message":"The provided user has no access to this resource","metadata":{}}"
008847,2026-09-03 13:52:27,2026-09-03T19:52:27.000Z,PLANTA CONVERSION,DS-K1T673DWX-E120260212V044800ENGS8956847,403,"{"code":"ACCESS_DENIED","message":"The provided user has no access to this resource","metadata":{}}",403,"{"code":"ACCESS_DENIED","message":"The provided user has no access to this resource","metadata":{}}"
001440,2026-09-03 13:52:51,2026-09-03T19:52:51.000Z,PLANTA CONVERSION,DS-K1T673DWX-E120260212V044800ENGS8956847,403,"{"code":"ACCESS_DENIED","message":"The provided user has no access to this resource","metadata":{}}",403,"{"code":"ACCESS_DENIED","message":"The provided user has no access to this resource","metadata":{}}"
002165,2026-09-03 13:55:52,2026-09-03T19:55:52.000Z,PLANTA CONVERSION,DS-K1T673DWX-E120260212V044800ENGS8956847,403,"{"code":"ACCESS_DENIED","message":"The provided user has no access to this resource","metadata":{}}",403,"{"code":"ACCESS_DENIED","message":"The provided user has no access to this resource","metadata":{}}"
005345,2026-09-03 13:56:29,2026-09-03T19:56:29.000Z,PLANTA CONVERSION,DS-K1T673DWX-E120260212V044800ENGS8956847,403,"{"code":"ACCESS_DENIED","message":"The provided user has no access to this resource","metadata":{}}",403,"{"code":"ACCESS_DENIED","message":"The provided user has no access to this resource","metadata":{}}"
002178,2026-09-03 13:56:35,2026-09-03T19:56:35.000Z,CORPORATIVO,DS-K1T673DWX-E120251027V044180ENGN3228248,403,"{"code":"ACCESS_DENIED","message":"The provided user has no access to this resource","metadata":{}}",403,"{"code":"ACCESS_DENIED","message":"The provided user has no access to this resource","metadata":{}}"
008927,2026-09-03 13:56:58,2026-09-03T19:56:58.000Z,PLANTA CONVERSION,DS-K1T673DWX-E120260212V044800ENGS8956847,403,"{"code":"ACCESS_DENIED","message":"The provided user has no access to this resource","metadata":{}}",403,"{"code":"ACCESS_DENIED","message":"The provided user has no access to this resource","metadata":{}}"
001440,2026-09-03 13:57:56,2026-09-03T19:57:56.000Z,PLANTA CONVERSION,DS-K1T673DWX-E120260212V044800ENGS8956847,403,"{"code":"ACCESS_DENIED","message":"The provided user has no access to this resource","metadata":{}}",403,"{"code":"ACCESS_DENIED","message":"The provided user has no access to this resource","metadata":{}}"
002523,2026-09-03 13:58:22,2026-09-03T19:58:22.000Z,CORPORATIVO,DS-K1T673DWX-E120251027V044180ENGN3228248,403,"{"code":"ACCESS_DENIED","message":"The provided user has no access to this resource","metadata":{}}",403,"{"code":"ACCESS_DENIED","message":"The provided user has no access to this resource","metadata":{}}"
002819,2026-09-03 13:59:58,2026-09-03T19:59:58.000Z,CORPORATIVO,DS-K1T673DWX-E120251027V044180ENGN3228248,403,"{"code":"ACCESS_DENIED","message":"The provided user has no access to this resource","metadata":{}}",403,"{"code":"ACCESS_DENIED","message":"The provided user has no access to this resource","metadata":{}}"
002692,2026-09-03 14:00:17,2026-09-03T20:00:17.000Z,PLANTA COATING,DS-K1T673DWX-E120251027V044180ENGN3227937,403,"{"code":"ACCESS_DENIED","message":"The provided user has no access to this resource","metadata":{}}",403,"{"code":"ACCESS_DENIED","message":"The provided user has no access to this resource","metadata":{}}"
017652,2026-09-03 14:00:24,2026-09-03T20:00:24.000Z,PLANTA COATING,DS-K1T673DWX-E120251027V044180ENGN3227937,403,"{"code":"ACCESS_DENIED","message":"The provided user has no access to this resource","metadata":{}}",403,"{"code":"ACCESS_DENIED","message":"The provided user has no access to this resource","metadata":{}}"
007434,2026-09-03 14:00:30,2026-09-03T20:00:30.000Z,PLANTA CONVERSION,DS-K1T673DWX-E120260212V044800ENGS8956847,403,"{"code":"ACCESS_DENIED","message":"The provided user has no access to this resource","metadata":{}}",403,"{"code":"ACCESS_DENIED","message":"The provided user has no access to this resource","metadata":{}}"
009056,2026-09-03 14:00:13,2026-09-03T20:00:13.000Z,MONTERREY,DS-K1T673DWX-E120251027V044180ENGN3227924,403,"{"code":"ACCESS_DENIED","message":"The provided user has no access to this resource","metadata":{}}",403,"{"code":"ACCESS_DENIED","message":"The provided user has no access to this resource","metadata":{}}"
002388,2026-09-03 14:00:28,2026-09-03T20:00:28.000Z,MONTERREY,DS-K1T673DWX-E120251027V044180ENGN3227924,403,"{"code":"ACCESS_DENIED","message":"The provided user has no access to this resource","metadata":{}}",403,"{"code":"ACCESS_DENIED","message":"The provided user has no access to this resource","metadata":{}}"
000152,2026-09-03 14:00:49,2026-09-03T20:00:49.000Z,CORPORATIVO,DS-K1T673DWX-E120251027V044180ENGN3228248,403,"{"code":"ACCESS_DENIED","message":"The provided user has no access to this resource","metadata":{}}",403,"{"code":"ACCESS_DENIED","message":"The provided user has no access to this resource","metadata":{}}"
002807,2026-09-03 14:01:02,2026-09-03T20:01:02.000Z,CORPORATIVO,DS-K1T673DWX-E120251027V044180ENGN3228248,403,"{"code":"ACCESS_DENIED","message":"The provided user has no access to this resource","metadata":{}}",403,"{"code":"ACCESS_DENIED","message":"The provided user has no access to this resource","metadata":{}}"
007017,2026-09-03 14:01:05,2026-09-03T20:01:05.000Z,PLANTA CONVERSION,DS-K1T673DWX-E120260212V044800ENGS8956847,403,"{"code":"ACCESS_DENIED","message":"The provided user has no access to this resource","metadata":{}}",403,"{"code":"ACCESS_DENIED","message":"The provided user has no access to this resource","metadata":{}}"
008880,2026-09-03 14:01:11,2026-09-03T20:01:11.000Z,PLANTA CONVERSION,DS-K1T673DWX-E120260212V044800ENGS8956847,403,"{"code":"ACCESS_DENIED","message":"The provided user has no access to this resource","metadata":{}}",403,"{"code":"ACCESS_DENIED","message":"The provided user has no access to this resource","metadata":{}}"
002094,2026-09-03 14:01:14,2026-09-03T20:01:14.000Z,CORPORATIVO,DS-K1T673DWX-E120251027V044180ENGN3228248,403,"{"code":"ACCESS_DENIED","message":"The provided user has no access to this resource","metadata":{}}",403,"{"code":"ACCESS_DENIED","message":"The provided user has no access to this resource","metadata":{}}"
001906,2026-09-03 14:01:31,2026-09-03T20:01:31.000Z,PLANTA COATING,DS-K1T673DWX-E120251027V044180ENGN3227937,403,"{"code":"ACCESS_DENIED","message":"The provided user has no access to this resource","metadata":{}}",403,"{"code":"ACCESS_DENIED","message":"The provided user has no access to this resource","metadata":{}}"
009067,2026-09-03 14:02:06,2026-09-03T20:02:06.000Z,PLANTA CONVERSION,DS-K1T673DWX-E120260212V044800ENGS8956847,404,"{"code":"USER_NOT_FOUND","message":"Employee not found","metadata":{}}",404,"{"code":"USER_NOT_FOUND","message":"Employee not found","metadata":{}}"
002737,2026-09-03 14:02:22,2026-09-03T20:02:22.000Z,PLANTA CONVERSION,DS-K1T673DWX-E120260212V044800ENGS8956847,403,"{"code":"ACCESS_DENIED","message":"The provided user has no access to this resource","metadata":{}}",403,"{"code":"ACCESS_DENIED","message":"The provided user has no access to this resource","metadata":{}}"
002046,2026-09-03 14:02:26,2026-09-03T20:02:26.000Z,CORPORATIVO,DS-K1T673DWX-E120251027V044180ENGN3228248,403,"{"code":"ACCESS_DENIED","message":"The provided user has no access to this resource","metadata":{}}",403,"{"code":"ACCESS_DENIED","message":"The provided user has no access to this resource","metadata":{}}"
008826,2026-09-03 14:02:35,2026-09-03T20:02:35.000Z,PLANTA CONVERSION,DS-K1T673DWX-E120260212V044800ENGS8956847,403,"{"code":"ACCESS_DENIED","message":"The provided user has no access to this resource","metadata":{}}",403,"{"code":"ACCESS_DENIED","message":"The provided user has no access to this resource","metadata":{}}"
007179,2026-09-03 14:02:46,2026-09-03T20:02:46.000Z,PLANTA CONVERSION,DS-K1T673DWX-E120260212V044800ENGS8956847,403,"{"code":"ACCESS_DENIED","message":"The provided user has no access to this resource","metadata":{}}",403,"{"code":"ACCESS_DENIED","message":"The provided user has no access to this resource","metadata":{}}"
002787,2026-09-03 14:02:55,2026-09-03T20:02:55.000Z,PLANTA CONVERSION,DS-K1T673DWX-E120260212V044800ENGS8956847,403,"{"code":"ACCESS_DENIED","message":"The provided user has no access to this resource","metadata":{}}",403,"{"code":"ACCESS_DENIED","message":"The provided user has no access to this resource","metadata":{}}"
008804,2026-09-03 14:03:03,2026-09-03T20:03:03.000Z,PLANTA CONVERSION,DS-K1T673DWX-E120260212V044800ENGS8956847,403,"{"code":"ACCESS_DENIED","message":"The provided user has no access to this resource","metadata":{}}",403,"{"code":"ACCESS_DENIED","message":"The provided user has no access to this resource","metadata":{}}"
007624,2026-09-03 14:03:09,2026-09-03T20:03:09.000Z,PLANTA CONVERSION,DS-K1T673DWX-E120260212V044800ENGS8956847,403,"{"code":"ACCESS_DENIED","message":"The provided user has no access to this resource","metadata":{}}",403,"{"code":"ACCESS_DENIED","message":"The provided user has no access to this resource","metadata":{}}"
002189,2026-09-03 14:03:17,2026-09-03T20:03:17.000Z,PLANTA CONVERSION,DS-K1T673DWX-E120260212V044800ENGS8956847,403,"{"code":"ACCESS_DENIED","message":"The provided user has no access to this resource","metadata":{}}",403,"{"code":"ACCESS_DENIED","message":"The provided user has no access to this resource","metadata":{}}"
000913,2026-09-03 14:03:25,2026-09-03T20:03:25.000Z,PLANTA CONVERSION,DS-K1T673DWX-E120260212V044800ENGS8956847,403,"{"code":"ACCESS_DENIED","message":"The provided user has no access to this resource","metadata":{}}",403,"{"code":"ACCESS_DENIED","message":"The provided user has no access to this resource","metadata":{}}"
008481,2026-09-03 14:03:31,2026-09-03T20:03:31.000Z,PLANTA CONVERSION,DS-K1T673DWX-E120260212V044800ENGS8956847,403,"{"code":"ACCESS_DENIED","message":"The provided user has no access to this resource","metadata":{}}",403,"{"code":"ACCESS_DENIED","message":"The provided user has no access to this resource","metadata":{}}"
008954,2026-09-03 14:03:33,2026-09-03T20:03:33.000Z,MONTERREY,DS-K1T673DWX-E120251027V044180ENGN3227924,403,"{"code":"ACCESS_DENIED","message":"The provided user has no access to this resource","metadata":{}}",403,"{"code":"ACCESS_DENIED","message":"The provided user has no access to this resource","metadata":{}}"
009031,2026-09-03 14:03:37,2026-09-03T20:03:37.000Z,PLANTA CONVERSION,DS-K1T673DWX-E120260212V044800ENGS8956847,403,"{"code":"ACCESS_DENIED","message":"The provided user has no access to this resource","metadata":{}}",403,"{"code":"ACCESS_DENIED","message":"The provided user has no access to this resource","metadata":{}}"
008866,2026-09-03 14:03:43,2026-09-03T20:03:43.000Z,PLANTA CONVERSION,DS-K1T673DWX-E120260212V044800ENGS8956847,403,"{"code":"ACCESS_DENIED","message":"The provided user has no access to this resource","metadata":{}}",403,"{"code":"ACCESS_DENIED","message":"The provided user has no access to this resource","metadata":{}}"
008515,2026-09-03 14:03:47,2026-09-03T20:03:47.000Z,PLANTA CONVERSION,DS-K1T673DWX-E120260212V044800ENGS8956847,403,"{"code":"ACCESS_DENIED","message":"The provided user has no access to this resource","metadata":{}}",403,"{"code":"ACCESS_DENIED","message":"The provided user has no access to this resource","metadata":{}}"
008622,2026-09-03 14:03:53,2026-09-03T20:03:53.000Z,PLANTA CONVERSION,DS-K1T673DWX-E120260212V044800ENGS8956847,403,"{"code":"ACCESS_DENIED","message":"The provided user has no access to this resource","metadata":{}}",403,"{"code":"ACCESS_DENIED","message":"The provided user has no access to this resource","metadata":{}}"
008916,2026-09-03 14:03:59,2026-09-03T20:03:59.000Z,PLANTA CONVERSION,DS-K1T673DWX-E120260212V044800ENGS8956847,403,"{"code":"ACCESS_DENIED","message":"The provided user has no access to this resource","metadata":{}}",403,"{"code":"ACCESS_DENIED","message":"The provided user has no access to this resource","metadata":{}}"
008694,2026-09-03 14:04:05,2026-09-03T20:04:05.000Z,PLANTA CONVERSION,DS-K1T673DWX-E120260212V044800ENGS8956847,403,"{"code":"ACCESS_DENIED","message":"The provided user has no access to this resource","metadata":{}}",403,"{"code":"ACCESS_DENIED","message":"The provided user has no access to this resource","metadata":{}}"
008962,2026-09-03 14:04:15,2026-09-03T20:04:15.000Z,PLANTA CONVERSION,DS-K1T673DWX-E120260212V044800ENGS8956847,403,"{"code":"ACCESS_DENIED","message":"The provided user has no access to this resource","metadata":{}}",403,"{"code":"ACCESS_DENIED","message":"The provided user has no access to this resource","metadata":{}}"
002790,2026-09-03 14:04:20,2026-09-03T20:04:20.000Z,PLANTA CONVERSION,DS-K1T673DWX-E120260212V044800ENGS8956847,403,"{"code":"ACCESS_DENIED","message":"The provided user has no access to this resource","metadata":{}}",403,"{"code":"ACCESS_DENIED","message":"The provided user has no access to this resource","metadata":{}}"
008827,2026-09-03 14:04:26,2026-09-03T20:04:26.000Z,PLANTA CONVERSION,DS-K1T673DWX-E120260212V044800ENGS8956847,403,"{"code":"ACCESS_DENIED","message":"The provided user has no access to this resource","metadata":{}}",403,"{"code":"ACCESS_DENIED","message":"The provided user has no access to this resource","metadata":{}}"
002746,2026-09-03 14:04:31,2026-09-03T20:04:31.000Z,PLANTA CONVERSION,DS-K1T673DWX-E120260212V044800ENGS8956847,403,"{"code":"ACCESS_DENIED","message":"The provided user has no access to this resource","metadata":{}}",403,"{"code":"ACCESS_DENIED","message":"The provided user has no access to this resource","metadata":{}}"
008601,2026-09-03 14:04:37,2026-09-03T20:04:37.000Z,PLANTA CONVERSION,DS-K1T673DWX-E120260212V044800ENGS8956847,403,"{"code":"ACCESS_DENIED","message":"The provided user has no access to this resource","metadata":{}}",403,"{"code":"ACCESS_DENIED","message":"The provided user has no access to this resource","metadata":{}}"
004620,2026-09-03 14:04:41,2026-09-03T20:04:41.000Z,PLANTA CONVERSION,DS-K1T673DWX-E120260212V044800ENGS8956847,403,"{"code":"ACCESS_DENIED","message":"The provided user has no access to this resource","metadata":{}}",403,"{"code":"ACCESS_DENIED","message":"The provided user has no access to this resource","metadata":{}}"
008829,2026-09-03 14:04:46,2026-09-03T20:04:46.000Z,PLANTA CONVERSION,DS-K1T673DWX-E120260212V044800ENGS8956847,403,"{"code":"ACCESS_DENIED","message":"The provided user has no access to this resource","metadata":{}}",403,"{"code":"ACCESS_DENIED","message":"The provided user has no access to this resource","metadata":{}}"
008420,2026-09-03 14:04:50,2026-09-03T20:04:50.000Z,PLANTA CONVERSION,DS-K1T673DWX-E120260212V044800ENGS8956847,403,"{"code":"ACCESS_DENIED","message":"The provided user has no access to this resource","metadata":{}}",403,"{"code":"ACCESS_DENIED","message":"The provided user has no access to this resource","metadata":{}}"
009027,2026-09-03 14:04:54,2026-09-03T20:04:54.000Z,PLANTA CONVERSION,DS-K1T673DWX-E120260212V044800ENGS8956847,403,"{"code":"ACCESS_DENIED","message":"The provided user has no access to this resource","metadata":{}}",403,"{"code":"ACCESS_DENIED","message":"The provided user has no access to this resource","metadata":{}}"
008983,2026-09-03 14:04:58,2026-09-03T20:04:58.000Z,PLANTA CONVERSION,DS-K1T673DWX-E120260212V044800ENGS8956847,403,"{"code":"ACCESS_DENIED","message":"The provided user has no access to this resource","metadata":{}}",403,"{"code":"ACCESS_DENIED","message":"The provided user has no access to this resource","metadata":{}}"
008969,2026-09-03 14:05:06,2026-09-03T20:05:06.000Z,PLANTA CONVERSION,DS-K1T673DWX-E120260212V044800ENGS8956847,403,"{"code":"ACCESS_DENIED","message":"The provided user has no access to this resource","metadata":{}}",403,"{"code":"ACCESS_DENIED","message":"The provided user has no access to this resource","metadata":{}}"
002634,2026-09-03 14:05:07,2026-09-03T20:05:07.000Z,CORPORATIVO,DS-K1T673DWX-E120251027V044180ENGN3228248,403,"{"code":"ACCESS_DENIED","message":"The provided user has no access to this resource","metadata":{}}",403,"{"code":"ACCESS_DENIED","message":"The provided user has no access to this resource","metadata":{}}"
002640,2026-09-03 14:05:14,2026-09-03T20:05:14.000Z,CORPORATIVO,DS-K1T673DWX-E120251027V044180ENGN3228248,403,"{"code":"ACCESS_DENIED","message":"The provided user has no access to this resource","metadata":{}}",403,"{"code":"ACCESS_DENIED","message":"The provided user has no access to this resource","metadata":{}}"
001691,2026-09-03 14:05:17,2026-09-03T20:05:17.000Z,TEXCOCO,DS-K1T673DWX-E120251027V044180ENGN3228057,403,"{"code":"ACCESS_DENIED","message":"The provided user has no access to this resource","metadata":{}}",403,"{"code":"ACCESS_DENIED","message":"The provided user has no access to this resource","metadata":{}}"
001062,2026-09-03 14:05:18,2026-09-03T20:05:18.000Z,PLANTA CONVERSION,DS-K1T673DWX-E120260212V044800ENGS8956847,403,"{"code":"ACCESS_DENIED","message":"The provided user has no access to this resource","metadata":{}}",403,"{"code":"ACCESS_DENIED","message":"The provided user has no access to this resource","metadata":{}}"
006332,2026-09-03 14:05:41,2026-09-03T20:05:41.000Z,PLANTA CONVERSION,DS-K1T673DWX-E120260212V044800ENGS8956847,403,"{"code":"ACCESS_DENIED","message":"The provided user has no access to this resource","metadata":{}}",403,"{"code":"ACCESS_DENIED","message":"The provided user has no access to this resource","metadata":{}}"
002822,2026-09-03 14:06:33,2026-09-03T20:06:33.000Z,PLANTA CONVERSION,DS-K1T673DWX-E120260212V044800ENGS8956847,403,"{"code":"ACCESS_DENIED","message":"The provided user has no access to this resource","metadata":{}}",403,"{"code":"ACCESS_DENIED","message":"The provided user has no access to this resource","metadata":{}}"
001111,2026-09-03 14:06:41,2026-09-03T20:06:41.000Z,PLANTA CONVERSION,DS-K1T673DWX-E120260212V044800ENGS8956847,403,"{"code":"ACCESS_DENIED","message":"The provided user has no access to this resource","metadata":{}}",403,"{"code":"ACCESS_DENIED","message":"The provided user has no access to this resource","metadata":{}}"
008544,2026-09-03 14:07:11,2026-09-03T20:07:11.000Z,PLANTA CONVERSION,DS-K1T673DWX-E120260212V044800ENGS8956847,403,"{"code":"ACCESS_DENIED","message":"The provided user has no access to this resource","metadata":{}}",403,"{"code":"ACCESS_DENIED","message":"The provided user has no access to this resource","metadata":{}}"
008075,2026-09-03 14:07:17,2026-09-03T20:07:17.000Z,PLANTA CONVERSION,DS-K1T673DWX-E120260212V044800ENGS8956847,403,"{"code":"ACCESS_DENIED","message":"The provided user has no access to this resource","metadata":{}}",403,"{"code":"ACCESS_DENIED","message":"The provided user has no access to this resource","metadata":{}}"
008320,2026-09-03 14:07:40,2026-09-03T20:07:40.000Z,PLANTA CONVERSION,DS-K1T673DWX-E120260212V044800ENGS8956847,403,"{"code":"ACCESS_DENIED","message":"The provided user has no access to this resource","metadata":{}}",403,"{"code":"ACCESS_DENIED","message":"The provided user has no access to this resource","metadata":{}}"
001969,2026-09-03 14:07:53,2026-09-03T20:07:53.000Z,PLANTA COATING,DS-K1T673DWX-E120251027V044180ENGN3227937,403,"{"code":"ACCESS_DENIED","message":"The provided user has no access to this resource","metadata":{}}",403,"{"code":"ACCESS_DENIED","message":"The provided user has no access to this resource","metadata":{}}"
002806,2026-09-03 14:07:53,2026-09-03T20:07:53.000Z,PLANTA COATING,DS-K1T673DWX-E120251027V044180ENGN3227937,403,"{"code":"ACCESS_DENIED","message":"The provided user has no access to this resource","metadata":{}}",403,"{"code":"ACCESS_DENIED","message":"The provided user has no access to this resource","metadata":{}}"
002642,2026-09-03 14:09:06,2026-09-03T20:09:06.000Z,CORPORATIVO,DS-K1T673DWX-E120251027V044180ENGN3228248,403,"{"code":"ACCESS_DENIED","message":"The provided user has no access to this resource","metadata":{}}",403,"{"code":"ACCESS_DENIED","message":"The provided user has no access to this resource","metadata":{}}"
002780,2026-09-03 14:09:35,2026-09-03T20:09:35.000Z,TEXCOCO,DS-K1T673DWX-E120251027V044180ENGN3228057,403,"{"code":"ACCESS_DENIED","message":"The provided user has no access to this resource","metadata":{}}",403,"{"code":"ACCESS_DENIED","message":"The provided user has no access to this resource","metadata":{}}"
007467,2026-09-03 14:09:40,2026-09-03T20:09:40.000Z,PLANTA CONVERSION,DS-K1T673DWX-E120260212V044800ENGS8956847,403,"{"code":"ACCESS_DENIED","message":"The provided user has no access to this resource","metadata":{}}",403,"{"code":"ACCESS_DENIED","message":"The provided user has no access to this resource","metadata":{}}"
110799,2026-09-03 14:10:19,2026-09-03T20:10:19.000Z,BURBUTEK,DS-K1T673DWX-E120260212V044800ENGS8956846,403,"{"code":"ACCESS_DENIED","message":"The provided user has no access to this resource","metadata":{}}",403,"{"code":"ACCESS_DENIED","message":"The provided user has no access to this resource","metadata":{}}"
009022,2026-09-03 14:10:43,2026-09-03T20:10:43.000Z,PLANTA CONVERSION,DS-K1T673DWX-E120260212V044800ENGS8956847,403,"{"code":"ACCESS_DENIED","message":"The provided user has no access to this resource","metadata":{}}",403,"{"code":"ACCESS_DENIED","message":"The provided user has no access to this resource","metadata":{}}"
002778,2026-09-03 14:11:20,2026-09-03T20:11:20.000Z,TEXCOCO,DS-K1T673DWX-E120251027V044180ENGN3228057,403,"{"code":"ACCESS_DENIED","message":"The provided user has no access to this resource","metadata":{}}",403,"{"code":"ACCESS_DENIED","message":"The provided user has no access to this resource","metadata":{}}"
100442,2026-09-03 14:11:21,2026-09-03T20:11:21.000Z,BURBUTEK,DS-K1T673DWX-E120260212V044800ENGS8956846,403,"{"code":"ACCESS_DENIED","message":"The provided user has no access to this resource","metadata":{}}",403,"{"code":"ACCESS_DENIED","message":"The provided user has no access to this resource","metadata":{}}"
017551,2026-09-03 14:11:48,2026-09-03T20:11:48.000Z,PLANTA CONVERSION,DS-K1T673DWX-E120260212V044800ENGS8956847,403,"{"code":"ACCESS_DENIED","message":"The provided user has no access to this resource","metadata":{}}",403,"{"code":"ACCESS_DENIED","message":"The provided user has no access to this resource","metadata":{}}"
009032,2026-09-03 14:12:01,2026-09-03T20:12:01.000Z,PLANTA CONVERSION,DS-K1T673DWX-E120260212V044800ENGS8956847,403,"{"code":"ACCESS_DENIED","message":"The provided user has no access to this resource","metadata":{}}",403,"{"code":"ACCESS_DENIED","message":"The provided user has no access to this resource","metadata":{}}"
002717,2026-09-03 14:12:07,2026-09-03T20:12:07.000Z,TEXCOCO,DS-K1T673DWX-E120251027V044180ENGN3228057,403,"{"code":"ACCESS_DENIED","message":"The provided user has no access to this resource","metadata":{}}",403,"{"code":"ACCESS_DENIED","message":"The provided user has no access to this resource","metadata":{}}"
002785,2026-09-03 14:12:21,2026-09-03T20:12:21.000Z,CORPORATIVO,DS-K1T673DWX-E120251027V044180ENGN3228248,403,"{"code":"ACCESS_DENIED","message":"The provided user has no access to this resource","metadata":{}}",403,"{"code":"ACCESS_DENIED","message":"The provided user has no access to this resource","metadata":{}}"
007940,2026-09-03 14:12:32,2026-09-03T20:12:32.000Z,PLANTA CONVERSION,DS-K1T673DWX-E120260212V044800ENGS8956847,403,"{"code":"ACCESS_DENIED","message":"The provided user has no access to this resource","metadata":{}}",403,"{"code":"ACCESS_DENIED","message":"The provided user has no access to this resource","metadata":{}}"
001426,2026-09-03 14:12:46,2026-09-03T20:12:46.000Z,TEXCOCO,DS-K1T673DWX-E120251027V044180ENGN3228057,403,"{"code":"ACCESS_DENIED","message":"The provided user has no access to this resource","metadata":{}}",403,"{"code":"ACCESS_DENIED","message":"The provided user has no access to this resource","metadata":{}}"
002683,2026-09-03 14:12:56,2026-09-03T20:12:56.000Z,PLANTA CONVERSION,DS-K1T673DWX-E120260212V044800ENGS8956847,403,"{"code":"ACCESS_DENIED","message":"The provided user has no access to this resource","metadata":{}}",403,"{"code":"ACCESS_DENIED","message":"The provided user has no access to this resource","metadata":{}}"
002810,2026-09-03 14:14:07,2026-09-03T20:14:07.000Z,PLANTA CONVERSION,DS-K1T673DWX-E120260212V044800ENGS8956847,403,"{"code":"ACCESS_DENIED","message":"The provided user has no access to this resource","metadata":{}}",403,"{"code":"ACCESS_DENIED","message":"The provided user has no access to this resource","metadata":{}}"
002758,2026-09-03 14:14:49,2026-09-03T20:14:49.000Z,CORPORATIVO,DS-K1T673DWX-E120251027V044180ENGN3228248,403,"{"code":"ACCESS_DENIED","message":"The provided user has no access to this resource","metadata":{}}",403,"{"code":"ACCESS_DENIED","message":"The provided user has no access to this resource","metadata":{}}"
001866,2026-09-03 14:15:41,2026-09-03T20:15:41.000Z,CORPORATIVO,DS-K1T673DWX-E120251027V044180ENGN3228248,403,"{"code":"ACCESS_DENIED","message":"The provided user has no access to this resource","metadata":{}}",403,"{"code":"ACCESS_DENIED","message":"The provided user has no access to this resource","metadata":{}}"
002677,2026-09-03 14:17:23,2026-09-03T20:17:23.000Z,CORPORATIVO,DS-K1T673DWX-E120251027V044180ENGN3228248,403,"{"code":"ACCESS_DENIED","message":"The provided user has no access to this resource","metadata":{}}",403,"{"code":"ACCESS_DENIED","message":"The provided user has no access to this resource","metadata":{}}"
001264,2026-09-03 14:18:15,2026-09-03T20:18:15.000Z,TEXCOCO,DS-K1T673DWX-E120251027V044180ENGN3228057,403,"{"code":"ACCESS_DENIED","message":"The provided user has no access to this resource","metadata":{}}",403,"{"code":"ACCESS_DENIED","message":"The provided user has no access to this resource","metadata":{}}"
002676,2026-09-03 14:18:16,2026-09-03T20:18:16.000Z,GUADALAJARA,DS-K1T673DWX-E120251027V044180ENGN3228223,403,"{"code":"ACCESS_DENIED","message":"The provided user has no access to this resource","metadata":{}}",403,"{"code":"ACCESS_DENIED","message":"The provided user has no access to this resource","metadata":{}}"
001744,2026-09-03 14:19:44,2026-09-03T20:19:44.000Z,PLANTA CONVERSION,DS-K1T673DWX-E120260212V044800ENGS8956847,403,"{"code":"ACCESS_DENIED","message":"The provided user has no access to this resource","metadata":{}}",403,"{"code":"ACCESS_DENIED","message":"The provided user has no access to this resource","metadata":{}}"
002647,2026-09-03 14:19:47,2026-09-03T20:19:47.000Z,CORPORATIVO,DS-K1T673DWX-E120251027V044180ENGN3228248,403,"{"code":"ACCESS_DENIED","message":"The provided user has no access to this resource","metadata":{}}",403,"{"code":"ACCESS_DENIED","message":"The provided user has no access to this resource","metadata":{}}"
002735,2026-09-03 14:20:53,2026-09-03T20:20:53.000Z,PLANTA CONVERSION,DS-K1T673DWX-E120260212V044800ENGS8956847,403,"{"code":"ACCESS_DENIED","message":"The provided user has no access to this resource","metadata":{}}",403,"{"code":"ACCESS_DENIED","message":"The provided user has no access to this resource","metadata":{}}"
100080,2026-09-03 14:21:29,2026-09-03T20:21:29.000Z,BURBUTEK,DS-K1T673DWX-E120260212V044800ENGS8956846,403,"{"code":"ACCESS_DENIED","message":"The provided user has no access to this resource","metadata":{}}",403,"{"code":"ACCESS_DENIED","message":"The provided user has no access to this resource","metadata":{}}"
100436,2026-09-03 14:22:08,2026-09-03T20:22:08.000Z,BURBUTEK,DS-K1T673DWX-E120260212V044800ENGS8956846,403,"{"code":"ACCESS_DENIED","message":"The provided user has no access to this resource","metadata":{}}",403,"{"code":"ACCESS_DENIED","message":"The provided user has no access to this resource","metadata":{}}"
002740,2026-09-03 14:23:23,2026-09-03T20:23:23.000Z,CORPORATIVO,DS-K1T673DWX-E120251027V044180ENGN3228248,403,"{"code":"ACCESS_DENIED","message":"The provided user has no access to this resource","metadata":{}}",403,"{"code":"ACCESS_DENIED","message":"The provided user has no access to this resource","metadata":{}}"
000687,2026-09-03 14:24:07,2026-09-03T20:24:07.000Z,CORPORATIVO,DS-K1T673DWX-E120251027V044180ENGN3228248,403,"{"code":"ACCESS_DENIED","message":"The provided user has no access to this resource","metadata":{}}",403,"{"code":"ACCESS_DENIED","message":"The provided user has no access to this resource","metadata":{}}"
110674,2026-09-03 14:24:13,2026-09-03T20:24:13.000Z,BURBUTEK,DS-K1T673DWX-E120260212V044800ENGS8956846,403,"{"code":"ACCESS_DENIED","message":"The provided user has no access to this resource","metadata":{}}",403,"{"code":"ACCESS_DENIED","message":"The provided user has no access to this resource","metadata":{}}"
002790,2026-09-03 14:24:24,2026-09-03T20:24:24.000Z,PLANTA CONVERSION,DS-K1T673DWX-E120260212V044800ENGS8956847,403,"{"code":"ACCESS_DENIED","message":"The provided user has no access to this resource","metadata":{}}",403,"{"code":"ACCESS_DENIED","message":"The provided user has no access to this resource","metadata":{}}"
001878,2026-09-03 14:24:44,2026-09-03T20:24:44.000Z,TEXCOCO,DS-K1T673DWX-E120251027V044180ENGN3228057,403,"{"code":"ACCESS_DENIED","message":"The provided user has no access to this resource","metadata":{}}",403,"{"code":"ACCESS_DENIED","message":"The provided user has no access to this resource","metadata":{}}"
001475,2026-09-03 14:26:20,2026-09-03T20:26:20.000Z,CORPORATIVO,DS-K1T673DWX-E120251027V044180ENGN3228248,403,"{"code":"ACCESS_DENIED","message":"The provided user has no access to this resource","metadata":{}}",403,"{"code":"ACCESS_DENIED","message":"The provided user has no access to this resource","metadata":{}}"
002653,2026-09-03 14:27:00,2026-09-03T20:27:00.000Z,TEXCOCO,DS-K1T673DWX-E120251027V044180ENGN3228057,403,"{"code":"ACCESS_DENIED","message":"The provided user has no access to this resource","metadata":{}}",403,"{"code":"ACCESS_DENIED","message":"The provided user has no access to this resource","metadata":{}}"
002764,2026-09-03 14:28:46,2026-09-03T20:28:46.000Z,CORPORATIVO,DS-K1T673DWX-E120251027V044180ENGN3228248,403,"{"code":"ACCESS_DENIED","message":"The provided user has no access to this resource","metadata":{}}",403,"{"code":"ACCESS_DENIED","message":"The provided user has no access to this resource","metadata":{}}"
002779,2026-09-03 14:29:00,2026-09-03T20:29:00.000Z,CORPORATIVO,DS-K1T673DWX-E120251027V044180ENGN3228248,403,"{"code":"ACCESS_DENIED","message":"The provided user has no access to this resource","metadata":{}}",403,"{"code":"ACCESS_DENIED","message":"The provided user has no access to this resource","metadata":{}}"
007434,2026-09-03 14:29:25,2026-09-03T20:29:25.000Z,PLANTA CONVERSION,DS-K1T673DWX-E120260212V044800ENGS8956847,403,"{"code":"ACCESS_DENIED","message":"The provided user has no access to this resource","metadata":{}}",403,"{"code":"ACCESS_DENIED","message":"The provided user has no access to this resource","metadata":{}}"
002160,2026-09-03 14:30:44,2026-09-03T20:30:44.000Z,CORPORATIVO,DS-K1T673DWX-E120251027V044180ENGN3228248,403,"{"code":"ACCESS_DENIED","message":"The provided user has no access to this resource","metadata":{}}",403,"{"code":"ACCESS_DENIED","message":"The provided user has no access to this resource","metadata":{}}"
002520,2026-09-03 14:31:13,2026-09-03T20:31:13.000Z,CORPORATIVO,DS-K1T673DWX-E120251027V044180ENGN3228248,403,"{"code":"ACCESS_DENIED","message":"The provided user has no access to this resource","metadata":{}}",403,"{"code":"ACCESS_DENIED","message":"The provided user has no access to this resource","metadata":{}}"
000986,2026-09-03 14:31:51,2026-09-03T20:31:51.000Z,PLANTA CONVERSION,DS-K1T673DWX-E120260212V044800ENGS8956847,403,"{"code":"ACCESS_DENIED","message":"The provided user has no access to this resource","metadata":{}}",403,"{"code":"ACCESS_DENIED","message":"The provided user has no access to this resource","metadata":{}}"
001784,2026-09-03 14:31:58,2026-09-03T20:31:58.000Z,PLANTA CONVERSION,DS-K1T673DWX-E120260212V044800ENGS8956847,403,"{"code":"ACCESS_DENIED","message":"The provided user has no access to this resource","metadata":{}}",403,"{"code":"ACCESS_DENIED","message":"The provided user has no access to this resource","metadata":{}}"
000062,2026-09-03 14:32:09,2026-09-03T20:32:09.000Z,PLANTA CONVERSION,DS-K1T673DWX-E120260212V044800ENGS8956847,403,"{"code":"ACCESS_DENIED","message":"The provided user has no access to this resource","metadata":{}}",403,"{"code":"ACCESS_DENIED","message":"The provided user has no access to this resource","metadata":{}}"
002795,2026-09-03 14:32:23,2026-09-03T20:32:23.000Z,CORPORATIVO,DS-K1T673DWX-E120251027V044180ENGN3228248,403,"{"code":"ACCESS_DENIED","message":"The provided user has no access to this resource","metadata":{}}",403,"{"code":"ACCESS_DENIED","message":"The provided user has no access to this resource","metadata":{}}"
002586,2026-09-03 14:32:31,2026-09-03T20:32:31.000Z,BURBUTEK,DS-K1T673DWX-E120260212V044800ENGS8956846,403,"{"code":"ACCESS_DENIED","message":"The provided user has no access to this resource","metadata":{}}",403,"{"code":"ACCESS_DENIED","message":"The provided user has no access to this resource","metadata":{}}"
001111,2026-09-03 14:32:35,2026-09-03T20:32:35.000Z,PLANTA CONVERSION,DS-K1T673DWX-E120260212V044800ENGS8956847,403,"{"code":"ACCESS_DENIED","message":"The provided user has no access to this resource","metadata":{}}",403,"{"code":"ACCESS_DENIED","message":"The provided user has no access to this resource","metadata":{}}"
100414,2026-09-03 14:32:38,2026-09-03T20:32:38.000Z,BURBUTEK,DS-K1T673DWX-E120260212V044800ENGS8956846,403,"{"code":"ACCESS_DENIED","message":"The provided user has no access to this resource","metadata":{}}",403,"{"code":"ACCESS_DENIED","message":"The provided user has no access to this resource","metadata":{}}"
002578,2026-09-03 14:33:29,2026-09-03T20:33:29.000Z,TEXCOCO,DS-K1T673DWX-E120251027V044180ENGN3228057,403,"{"code":"ACCESS_DENIED","message":"The provided user has no access to this resource","metadata":{}}",403,"{"code":"ACCESS_DENIED","message":"The provided user has no access to this resource","metadata":{}}"
100098,2026-09-03 14:34:32,2026-09-03T20:34:32.000Z,BURBUTEK,DS-K1T673DWX-E120260212V044800ENGS8956846,403,"{"code":"ACCESS_DENIED","message":"The provided user has no access to this resource","metadata":{}}",403,"{"code":"ACCESS_DENIED","message":"The provided user has no access to this resource","metadata":{}}"
002821,2026-09-03 14:35:35,2026-09-03T20:35:35.000Z,CORPORATIVO,DS-K1T673DWX-E120251027V044180ENGN3228248,403,"{"code":"ACCESS_DENIED","message":"The provided user has no access to this resource","metadata":{}}",403,"{"code":"ACCESS_DENIED","message":"The provided user has no access to this resource","metadata":{}}"
001316,2026-09-03 14:35:36,2026-09-03T20:35:36.000Z,PLANTA CONVERSION,DS-K1T673DWX-E120260212V044800ENGS8956847,403,"{"code":"ACCESS_DENIED","message":"The provided user has no access to this resource","metadata":{}}",403,"{"code":"ACCESS_DENIED","message":"The provided user has no access to this resource","metadata":{}}"
100074,2026-09-03 14:37:37,2026-09-03T20:37:37.000Z,BURBUTEK,DS-K1T673DWX-E120260212V044800ENGS8956846,403,"{"code":"ACCESS_DENIED","message":"The provided user has no access to this resource","metadata":{}}",403,"{"code":"ACCESS_DENIED","message":"The provided user has no access to this resource","metadata":{}}"
001448,2026-09-03 14:38:25,2026-09-03T20:38:25.000Z,CORPORATIVO,DS-K1T673DWX-E120251027V044180ENGN3228248,403,"{"code":"ACCESS_DENIED","message":"The provided user has no access to this resource","metadata":{}}",403,"{"code":"ACCESS_DENIED","message":"The provided user has no access to this resource","metadata":{}}"
110802,2026-09-03 14:38:39,2026-09-03T20:38:39.000Z,BURBUTEK,DS-K1T673DWX-E120260212V044800ENGS8956846,403,"{"code":"ACCESS_DENIED","message":"The provided user has no access to this resource","metadata":{}}",403,"{"code":"ACCESS_DENIED","message":"The provided user has no access to this resource","metadata":{}}"
008969,2026-09-03 14:40:24,2026-09-03T20:40:24.000Z,PLANTA CONVERSION,DS-K1T673DWX-E120260212V044800ENGS8956847,403,"{"code":"ACCESS_DENIED","message":"The provided user has no access to this resource","metadata":{}}",403,"{"code":"ACCESS_DENIED","message":"The provided user has no access to this resource","metadata":{}}"
002813,2026-09-03 14:40:41,2026-09-03T20:40:41.000Z,PLANTA CONVERSION,DS-K1T673DWX-E120260212V044800ENGS8956847,403,"{"code":"ACCESS_DENIED","message":"The provided user has no access to this resource","metadata":{}}",403,"{"code":"ACCESS_DENIED","message":"The provided user has no access to this resource","metadata":{}}"
001920,2026-09-03 14:43:20,2026-09-03T20:43:20.000Z,PLANTA CONVERSION,DS-K1T673DWX-E120260212V044800ENGS8956847,403,"{"code":"ACCESS_DENIED","message":"The provided user has no access to this resource","metadata":{}}",403,"{"code":"ACCESS_DENIED","message":"The provided user has no access to this resource","metadata":{}}"
002207,2026-09-03 14:44:25,2026-09-03T20:44:25.000Z,PLANTA COATING,DS-K1T673DWX-E120251027V044180ENGN3227937,403,"{"code":"ACCESS_DENIED","message":"The provided user has no access to this resource","metadata":{}}",403,"{"code":"ACCESS_DENIED","message":"The provided user has no access to this resource","metadata":{}}"
002802,2026-09-03 14:44:31,2026-09-03T20:44:31.000Z,PLANTA COATING,DS-K1T673DWX-E120251027V044180ENGN3227937,403,"{"code":"ACCESS_DENIED","message":"The provided user has no access to this resource","metadata":{}}",403,"{"code":"ACCESS_DENIED","message":"The provided user has no access to this resource","metadata":{}}"
002511,2026-09-03 14:44:37,2026-09-03T20:44:37.000Z,PLANTA COATING,DS-K1T673DWX-E120251027V044180ENGN3227937,403,"{"code":"ACCESS_DENIED","message":"The provided user has no access to this resource","metadata":{}}",403,"{"code":"ACCESS_DENIED","message":"The provided user has no access to this resource","metadata":{}}"
100479,2026-09-03 14:44:49,2026-09-03T20:44:49.000Z,BURBUTEK,DS-K1T673DWX-E120260212V044800ENGS8956846,403,"{"code":"ACCESS_DENIED","message":"The provided user has no access to this resource","metadata":{}}",403,"{"code":"ACCESS_DENIED","message":"The provided user has no access to this resource","metadata":{}}"
009022,2026-09-03 14:44:54,2026-09-03T20:44:54.000Z,PLANTA CONVERSION,DS-K1T673DWX-E120260212V044800ENGS8956847,403,"{"code":"ACCESS_DENIED","message":"The provided user has no access to this resource","metadata":{}}",403,"{"code":"ACCESS_DENIED","message":"The provided user has no access to this resource","metadata":{}}"
100431,2026-09-03 14:45:05,2026-09-03T20:45:05.000Z,BURBUTEK,DS-K1T673DWX-E120260212V044800ENGS8956846,403,"{"code":"ACCESS_DENIED","message":"The provided user has no access to this resource","metadata":{}}",403,"{"code":"ACCESS_DENIED","message":"The provided user has no access to this resource","metadata":{}}"
000636,2026-09-03 14:45:15,2026-09-03T20:45:15.000Z,PLANTA COATING,DS-K1T673DWX-E120251027V044180ENGN3227937,403,"{"code":"ACCESS_DENIED","message":"The provided user has no access to this resource","metadata":{}}",403,"{"code":"ACCESS_DENIED","message":"The provided user has no access to this resource","metadata":{}}"
002743,2026-09-03 14:46:15,2026-09-03T20:46:15.000Z,CORPORATIVO,DS-K1T673DWX-E120251027V044180ENGN3228248,403,"{"code":"ACCESS_DENIED","message":"The provided user has no access to this resource","metadata":{}}",403,"{"code":"ACCESS_DENIED","message":"The provided user has no access to this resource","metadata":{}}"
100102,2026-09-03 14:46:31,2026-09-03T20:46:31.000Z,BURBUTEK,DS-K1T673DWX-E120260212V044800ENGS8956846,403,"{"code":"ACCESS_DENIED","message":"The provided user has no access to this resource","metadata":{}}",403,"{"code":"ACCESS_DENIED","message":"The provided user has no access to this resource","metadata":{}}"
000369,2026-09-03 14:49:01,2026-09-03T20:49:01.000Z,PLANTA CONVERSION,DS-K1T673DWX-E120260212V044800ENGS8956847,403,"{"code":"ACCESS_DENIED","message":"The provided user has no access to this resource","metadata":{}}",403,"{"code":"ACCESS_DENIED","message":"The provided user has no access to this resource","metadata":{}}"
009048,2026-09-03 14:49:08,2026-09-03T20:49:08.000Z,PLANTA CONVERSION,DS-K1T673DWX-E120260212V044800ENGS8956847,403,"{"code":"ACCESS_DENIED","message":"The provided user has no access to this resource","metadata":{}}",403,"{"code":"ACCESS_DENIED","message":"The provided user has no access to this resource","metadata":{}}"
002778,2026-09-03 14:49:13,2026-09-03T20:49:13.000Z,TEXCOCO,DS-K1T673DWX-E120251027V044180ENGN3228057,403,"{"code":"ACCESS_DENIED","message":"The provided user has no access to this resource","metadata":{}}",403,"{"code":"ACCESS_DENIED","message":"The provided user has no access to this resource","metadata":{}}"
000402,2026-09-03 14:50:04,2026-09-03T20:50:04.000Z,CORPORATIVO,DS-K1T673DWX-E120251027V044180ENGN3228248,403,"{"code":"ACCESS_DENIED","message":"The provided user has no access to this resource","metadata":{}}",403,"{"code":"ACCESS_DENIED","message":"The provided user has no access to this resource","metadata":{}}"
017652,2026-09-03 14:50:09,2026-09-03T20:50:09.000Z,PLANTA COATING,DS-K1T673DWX-E120251027V044180ENGN3227937,403,"{"code":"ACCESS_DENIED","message":"The provided user has no access to this resource","metadata":{}}",403,"{"code":"ACCESS_DENIED","message":"The provided user has no access to this resource","metadata":{}}"
002692,2026-09-03 14:50:14,2026-09-03T20:50:14.000Z,PLANTA COATING,DS-K1T673DWX-E120251027V044180ENGN3227937,403,"{"code":"ACCESS_DENIED","message":"The provided user has no access to this resource","metadata":{}}",403,"{"code":"ACCESS_DENIED","message":"The provided user has no access to this resource","metadata":{}}"
002685,2026-09-03 14:50:38,2026-09-03T20:50:38.000Z,PLANTA COATING,DS-K1T673DWX-E120251027V044180ENGN3227937,403,"{"code":"ACCESS_DENIED","message":"The provided user has no access to this resource","metadata":{}}",403,"{"code":"ACCESS_DENIED","message":"The provided user has no access to this resource","metadata":{}}"
002239,2026-09-03 14:51:03,2026-09-03T20:51:03.000Z,CORPORATIVO,DS-K1T673DWX-E120251027V044180ENGN3228248,403,"{"code":"ACCESS_DENIED","message":"The provided user has no access to this resource","metadata":{}}",403,"{"code":"ACCESS_DENIED","message":"The provided user has no access to this resource","metadata":{}}"
001826,2026-09-03 14:52:28,2026-09-03T20:52:28.000Z,PLANTA CONVERSION,DS-K1T673DWX-E120260212V044800ENGS8956847,403,"{"code":"ACCESS_DENIED","message":"The provided user has no access to this resource","metadata":{}}",403,"{"code":"ACCESS_DENIED","message":"The provided user has no access to this resource","metadata":{}}"
002653,2026-09-03 14:54:12,2026-09-03T20:54:12.000Z,TEXCOCO,DS-K1T673DWX-E120251027V044180ENGN3228057,403,"{"code":"ACCESS_DENIED","message":"The provided user has no access to this resource","metadata":{}}",403,"{"code":"ACCESS_DENIED","message":"The provided user has no access to this resource","metadata":{}}"
002608,2026-09-03 14:54:41,2026-09-03T20:54:41.000Z,TEXCOCO,DS-K1T673DWX-E120251027V044180ENGN3228057,403,"{"code":"ACCESS_DENIED","message":"The provided user has no access to this resource","metadata":{}}",403,"{"code":"ACCESS_DENIED","message":"The provided user has no access to this resource","metadata":{}}"
002753,2026-09-03 14:55:23,2026-09-03T20:55:23.000Z,CORPORATIVO,DS-K1T673DWX-E120251027V044180ENGN3228248,403,"{"code":"ACCESS_DENIED","message":"The provided user has no access to this resource","metadata":{}}",403,"{"code":"ACCESS_DENIED","message":"The provided user has no access to this resource","metadata":{}}"
110701,2026-09-03 14:55:43,2026-09-03T20:55:43.000Z,BURBUTEK,DS-K1T673DWX-E120260212V044800ENGS8956846,403,"{"code":"ACCESS_DENIED","message":"The provided user has no access to this resource","metadata":{}}",403,"{"code":"ACCESS_DENIED","message":"The provided user has no access to this resource","metadata":{}}"
002671,2026-09-03 14:55:46,2026-09-03T20:55:46.000Z,CORPORATIVO,DS-K1T673DWX-E120251027V044180ENGN3228248,403,"{"code":"ACCESS_DENIED","message":"The provided user has no access to this resource","metadata":{}}",403,"{"code":"ACCESS_DENIED","message":"The provided user has no access to this resource","metadata":{}}"
002480,2026-09-03 14:56:27,2026-09-03T20:56:27.000Z,CORPORATIVO,DS-K1T673DWX-E120251027V044180ENGN3228248,403,"{"code":"ACCESS_DENIED","message":"The provided user has no access to this resource","metadata":{}}",403,"{"code":"ACCESS_DENIED","message":"The provided user has no access to this resource","metadata":{}}"
002643,2026-09-03 14:56:32,2026-09-03T20:56:32.000Z,CORPORATIVO,DS-K1T673DWX-E120251027V044180ENGN3228248,403,"{"code":"ACCESS_DENIED","message":"The provided user has no access to this resource","metadata":{}}",403,"{"code":"ACCESS_DENIED","message":"The provided user has no access to this resource","metadata":{}}"
002169,2026-09-03 14:56:38,2026-09-03T20:56:38.000Z,CORPORATIVO,DS-K1T673DWX-E120251027V044180ENGN3228248,403,"{"code":"ACCESS_DENIED","message":"The provided user has no access to this resource","metadata":{}}",403,"{"code":"ACCESS_DENIED","message":"The provided user has no access to this resource","metadata":{}}"
100080,2026-09-03 14:57:16,2026-09-03T20:57:16.000Z,BURBUTEK,DS-K1T673DWX-E120260212V044800ENGS8956846,403,"{"code":"ACCESS_DENIED","message":"The provided user has no access to this resource","metadata":{}}",403,"{"code":"ACCESS_DENIED","message":"The provided user has no access to this resource","metadata":{}}"
002668,2026-09-03 14:58:10,2026-09-03T20:58:10.000Z,CORPORATIVO,DS-K1T673DWX-E120251027V044180ENGN3228248,403,"{"code":"ACCESS_DENIED","message":"The provided user has no access to this resource","metadata":{}}",403,"{"code":"ACCESS_DENIED","message":"The provided user has no access to this resource","metadata":{}}"
002776,2026-09-03 14:58:28,2026-09-03T20:58:28.000Z,GUADALAJARA,DS-K1T673DWX-E120251027V044180ENGN3228223,403,"{"code":"ACCESS_DENIED","message":"The provided user has no access to this resource","metadata":{}}",403,"{"code":"ACCESS_DENIED","message":"The provided user has no access to this resource","metadata":{}}"
002813,2026-09-03 14:59:05,2026-09-03T20:59:05.000Z,PLANTA CONVERSION,DS-K1T673DWX-E120260212V044800ENGS8956847,403,"{"code":"ACCESS_DENIED","message":"The provided user has no access to this resource","metadata":{}}",403,"{"code":"ACCESS_DENIED","message":"The provided user has no access to this resource","metadata":{}}"
002523,2026-09-03 14:59:34,2026-09-03T20:59:34.000Z,CORPORATIVO,DS-K1T673DWX-E120251027V044180ENGN3228248,403,"{"code":"ACCESS_DENIED","message":"The provided user has no access to this resource","metadata":{}}",403,"{"code":"ACCESS_DENIED","message":"The provided user has no access to this resource","metadata":{}}"
017317,2026-09-03 15:00:43,2026-09-03T21:00:43.000Z,PLANTA CONVERSION,DS-K1T673DWX-E120260212V044800ENGS8956847,403,"{"code":"ACCESS_DENIED","message":"The provided user has no access to this resource","metadata":{}}",403,"{"code":"ACCESS_DENIED","message":"The provided user has no access to this resource","metadata":{}}"
002388,2026-09-03 15:00:15,2026-09-03T21:00:15.000Z,MONTERREY,DS-K1T673DWX-E120251027V044180ENGN3227924,403,"{"code":"ACCESS_DENIED","message":"The provided user has no access to this resource","metadata":{}}",403,"{"code":"ACCESS_DENIED","message":"The provided user has no access to this resource","metadata":{}}"
002178,2026-09-03 15:00:20,2026-09-03T21:00:20.000Z,CORPORATIVO,DS-K1T673DWX-E120251027V044180ENGN3228248,403,"{"code":"ACCESS_DENIED","message":"The provided user has no access to this resource","metadata":{}}",403,"{"code":"ACCESS_DENIED","message":"The provided user has no access to this resource","metadata":{}}"
000675,2026-09-03 15:00:26,2026-09-03T21:00:26.000Z,GUADALAJARA,DS-K1T673DWX-E120251027V044180ENGN3228223,403,"{"code":"ACCESS_DENIED","message":"The provided user has no access to this resource","metadata":{}}",403,"{"code":"ACCESS_DENIED","message":"The provided user has no access to this resource","metadata":{}}"
002801,2026-09-03 15:00:34,2026-09-03T21:00:34.000Z,CORPORATIVO,DS-K1T673DWX-E120251027V044180ENGN3228248,403,"{"code":"ACCESS_DENIED","message":"The provided user has no access to this resource","metadata":{}}",403,"{"code":"ACCESS_DENIED","message":"The provided user has no access to this resource","metadata":{}}"
002790,2026-09-03 15:00:51,2026-09-03T21:00:51.000Z,PLANTA CONVERSION,DS-K1T673DWX-E120260212V044800ENGS8956847,403,"{"code":"ACCESS_DENIED","message":"The provided user has no access to this resource","metadata":{}}",403,"{"code":"ACCESS_DENIED","message":"The provided user has no access to this resource","metadata":{}}"
002765,2026-09-03 15:01:03,2026-09-03T21:01:03.000Z,CORPORATIVO,DS-K1T673DWX-E120251027V044180ENGN3228248,403,"{"code":"ACCESS_DENIED","message":"The provided user has no access to this resource","metadata":{}}",403,"{"code":"ACCESS_DENIED","message":"The provided user has no access to this resource","metadata":{}}"
002729,2026-09-03 15:01:11,2026-09-03T21:01:11.000Z,CORPORATIVO,DS-K1T673DWX-E120251027V044180ENGN3228248,403,"{"code":"ACCESS_DENIED","message":"The provided user has no access to this resource","metadata":{}}",403,"{"code":"ACCESS_DENIED","message":"The provided user has no access to this resource","metadata":{}}"
002046,2026-09-03 15:01:28,2026-09-03T21:01:28.000Z,CORPORATIVO,DS-K1T673DWX-E120251027V044180ENGN3228248,403,"{"code":"ACCESS_DENIED","message":"The provided user has no access to this resource","metadata":{}}",403,"{"code":"ACCESS_DENIED","message":"The provided user has no access to this resource","metadata":{}}"
002785,2026-09-03 15:02:21,2026-09-03T21:02:21.000Z,CORPORATIVO,DS-K1T673DWX-E120251027V044180ENGN3228248,403,"{"code":"ACCESS_DENIED","message":"The provided user has no access to this resource","metadata":{}}",403,"{"code":"ACCESS_DENIED","message":"The provided user has no access to this resource","metadata":{}}"
009056,2026-09-03 15:02:44,2026-09-03T21:02:44.000Z,MONTERREY,DS-K1T673DWX-E120251027V044180ENGN3227924,403,"{"code":"ACCESS_DENIED","message":"The provided user has no access to this resource","metadata":{}}",403,"{"code":"ACCESS_DENIED","message":"The provided user has no access to this resource","metadata":{}}"
009049,2026-09-03 15:04:11,2026-09-03T21:04:11.000Z,PLANTA CONVERSION,DS-K1T673DWX-E120260212V044800ENGS8956847,403,"{"code":"ACCESS_DENIED","message":"The provided user has no access to this resource","metadata":{}}",403,"{"code":"ACCESS_DENIED","message":"The provided user has no access to this resource","metadata":{}}"
002818,2026-09-03 15:04:36,2026-09-03T21:04:36.000Z,CORPORATIVO,DS-K1T673DWX-E120251027V044180ENGN3228248,403,"{"code":"ACCESS_DENIED","message":"The provided user has no access to this resource","metadata":{}}",403,"{"code":"ACCESS_DENIED","message":"The provided user has no access to this resource","metadata":{}}"
002796,2026-09-03 15:04:44,2026-09-03T21:04:44.000Z,CORPORATIVO,DS-K1T673DWX-E120251027V044180ENGN3228248,403,"{"code":"ACCESS_DENIED","message":"The provided user has no access to this resource","metadata":{}}",403,"{"code":"ACCESS_DENIED","message":"The provided user has no access to this resource","metadata":{}}"
002677,2026-09-03 15:05:20,2026-09-03T21:05:20.000Z,CORPORATIVO,DS-K1T673DWX-E120251027V044180ENGN3228248,403,"{"code":"ACCESS_DENIED","message":"The provided user has no access to this resource","metadata":{}}",403,"{"code":"ACCESS_DENIED","message":"The provided user has no access to this resource","metadata":{}}"
002676,2026-09-03 15:06:02,2026-09-03T21:06:02.000Z,GUADALAJARA,DS-K1T673DWX-E120251027V044180ENGN3228223,403,"{"code":"ACCESS_DENIED","message":"The provided user has no access to this resource","metadata":{}}",403,"{"code":"ACCESS_DENIED","message":"The provided user has no access to this resource","metadata":{}}"
002717,2026-09-03 15:07:30,2026-09-03T21:07:30.000Z,TEXCOCO,DS-K1T673DWX-E120251027V044180ENGN3228057,403,"{"code":"ACCESS_DENIED","message":"The provided user has no access to this resource","metadata":{}}",403,"{"code":"ACCESS_DENIED","message":"The provided user has no access to this resource","metadata":{}}"
000986,2026-09-03 15:07:34,2026-09-03T21:07:34.000Z,PLANTA CONVERSION,DS-K1T673DWX-E120260212V044800ENGS8956847,403,"{"code":"ACCESS_DENIED","message":"The provided user has no access to this resource","metadata":{}}",403,"{"code":"ACCESS_DENIED","message":"The provided user has no access to this resource","metadata":{}}"
001784,2026-09-03 15:07:40,2026-09-03T21:07:40.000Z,PLANTA CONVERSION,DS-K1T673DWX-E120260212V044800ENGS8956847,403,"{"code":"ACCESS_DENIED","message":"The provided user has no access to this resource","metadata":{}}",403,"{"code":"ACCESS_DENIED","message":"The provided user has no access to this resource","metadata":{}}"
000062,2026-09-03 15:07:47,2026-09-03T21:07:47.000Z,PLANTA CONVERSION,DS-K1T673DWX-E120260212V044800ENGS8956847,403,"{"code":"ACCESS_DENIED","message":"The provided user has no access to this resource","metadata":{}}",403,"{"code":"ACCESS_DENIED","message":"The provided user has no access to this resource","metadata":{}}"
000152,2026-09-03 15:08:03,2026-09-03T21:08:03.000Z,CORPORATIVO,DS-K1T673DWX-E120251027V044180ENGN3228248,403,"{"code":"ACCESS_DENIED","message":"The provided user has no access to this resource","metadata":{}}",403,"{"code":"ACCESS_DENIED","message":"The provided user has no access to this resource","metadata":{}}"
110674,2026-09-03 15:10:31,2026-09-03T21:10:31.000Z,BURBUTEK,DS-K1T673DWX-E120260212V044800ENGS8956846,403,"{"code":"ACCESS_DENIED","message":"The provided user has no access to this resource","metadata":{}}",403,"{"code":"ACCESS_DENIED","message":"The provided user has no access to this resource","metadata":{}}"
001264,2026-09-03 15:10:47,2026-09-03T21:10:47.000Z,TEXCOCO,DS-K1T673DWX-E120251027V044180ENGN3228057,403,"{"code":"ACCESS_DENIED","message":"The provided user has no access to this resource","metadata":{}}",403,"{"code":"ACCESS_DENIED","message":"The provided user has no access to this resource","metadata":{}}"
002647,2026-09-03 15:15:27,2026-09-03T21:15:27.000Z,CORPORATIVO,DS-K1T673DWX-E120251027V044180ENGN3228248,403,"{"code":"ACCESS_DENIED","message":"The provided user has no access to this resource","metadata":{}}",403,"{"code":"ACCESS_DENIED","message":"The provided user has no access to this resource","metadata":{}}"
002238,2026-09-03 15:15:59,2026-09-03T21:15:59.000Z,CORPORATIVO,DS-K1T673DWX-E120251027V044180ENGN3228248,403,"{"code":"ACCESS_DENIED","message":"The provided user has no access to this resource","metadata":{}}",403,"{"code":"ACCESS_DENIED","message":"The provided user has no access to this resource","metadata":{}}"
002773,2026-09-03 15:16:08,2026-09-03T21:16:08.000Z,CORPORATIVO,DS-K1T673DWX-E120251027V044180ENGN3228248,403,"{"code":"ACCESS_DENIED","message":"The provided user has no access to this resource","metadata":{}}",403,"{"code":"ACCESS_DENIED","message":"The provided user has no access to this resource","metadata":{}}"
000965,2026-09-03 15:17:15,2026-09-03T21:17:15.000Z,CORPORATIVO,DS-K1T673DWX-E120251027V044180ENGN3228248,403,"{"code":"ACCESS_DENIED","message":"The provided user has no access to this resource","metadata":{}}",403,"{"code":"ACCESS_DENIED","message":"The provided user has no access to this resource","metadata":{}}"
110715,2026-09-03 15:17:45,2026-09-03T21:17:45.000Z,BURBUTEK,DS-K1T673DWX-E120260212V044800ENGS8956846,403,"{"code":"ACCESS_DENIED","message":"The provided user has no access to this resource","metadata":{}}",403,"{"code":"ACCESS_DENIED","message":"The provided user has no access to this resource","metadata":{}}"
002513,2026-09-03 15:17:52,2026-09-03T21:17:52.000Z,PLANTA CONVERSION,DS-K1T673DWX-E120260212V044800ENGS8956847,403,"{"code":"ACCESS_DENIED","message":"The provided user has no access to this resource","metadata":{}}",403,"{"code":"ACCESS_DENIED","message":"The provided user has no access to this resource","metadata":{}}"
001076,2026-09-03 15:18:43,2026-09-03T21:18:43.000Z,CORPORATIVO,DS-K1T673DWX-E120251027V044180ENGN3228248,403,"{"code":"ACCESS_DENIED","message":"The provided user has no access to this resource","metadata":{}}",403,"{"code":"ACCESS_DENIED","message":"The provided user has no access to this resource","metadata":{}}"
100436,2026-09-03 15:20:11,2026-09-03T21:20:11.000Z,BURBUTEK,DS-K1T673DWX-E120260212V044800ENGS8956846,403,"{"code":"ACCESS_DENIED","message":"The provided user has no access to this resource","metadata":{}}",403,"{"code":"ACCESS_DENIED","message":"The provided user has no access to this resource","metadata":{}}"
002666,2026-09-03 15:20:37,2026-09-03T21:20:37.000Z,CORPORATIVO,DS-K1T673DWX-E120251027V044180ENGN3228248,403,"{"code":"ACCESS_DENIED","message":"The provided user has no access to this resource","metadata":{}}",403,"{"code":"ACCESS_DENIED","message":"The provided user has no access to this resource","metadata":{}}"
100098,2026-09-03 15:20:58,2026-09-03T21:20:58.000Z,BURBUTEK,DS-K1T673DWX-E120260212V044800ENGS8956846,403,"{"code":"ACCESS_DENIED","message":"The provided user has no access to this resource","metadata":{}}",403,"{"code":"ACCESS_DENIED","message":"The provided user has no access to this resource","metadata":{}}"
002764,2026-09-03 15:21:35,2026-09-03T21:21:35.000Z,CORPORATIVO,DS-K1T673DWX-E120251027V044180ENGN3228248,403,"{"code":"ACCESS_DENIED","message":"The provided user has no access to this resource","metadata":{}}",403,"{"code":"ACCESS_DENIED","message":"The provided user has no access to this resource","metadata":{}}"
002758,2026-09-03 15:21:42,2026-09-03T21:21:42.000Z,CORPORATIVO,DS-K1T673DWX-E120251027V044180ENGN3228248,403,"{"code":"ACCESS_DENIED","message":"The provided user has no access to this resource","metadata":{}}",403,"{"code":"ACCESS_DENIED","message":"The provided user has no access to this resource","metadata":{}}"
100074,2026-09-03 15:21:48,2026-09-03T21:21:48.000Z,BURBUTEK,DS-K1T673DWX-E120260212V044800ENGS8956846,403,"{"code":"ACCESS_DENIED","message":"The provided user has no access to this resource","metadata":{}}",403,"{"code":"ACCESS_DENIED","message":"The provided user has no access to this resource","metadata":{}}"
110802,2026-09-03 15:24:05,2026-09-03T21:24:05.000Z,BURBUTEK,DS-K1T673DWX-E120260212V044800ENGS8956846,403,"{"code":"ACCESS_DENIED","message":"The provided user has no access to this resource","metadata":{}}",403,"{"code":"ACCESS_DENIED","message":"The provided user has no access to this resource","metadata":{}}"
001878,2026-09-03 15:24:08,2026-09-03T21:24:08.000Z,TEXCOCO,DS-K1T673DWX-E120251027V044180ENGN3228057,403,"{"code":"ACCESS_DENIED","message":"The provided user has no access to this resource","metadata":{}}",403,"{"code":"ACCESS_DENIED","message":"The provided user has no access to this resource","metadata":{}}"
110701,2026-09-03 15:24:24,2026-09-03T21:24:24.000Z,BURBUTEK,DS-K1T673DWX-E120260212V044800ENGS8956846,403,"{"code":"ACCESS_DENIED","message":"The provided user has no access to this resource","metadata":{}}",403,"{"code":"ACCESS_DENIED","message":"The provided user has no access to this resource","metadata":{}}"
002662,2026-09-03 15:24:46,2026-09-03T21:24:46.000Z,PLANTA COATING,DS-K1T673DWX-E120251027V044180ENGN3227937,403,"{"code":"ACCESS_DENIED","message":"The provided user has no access to this resource","metadata":{}}",403,"{"code":"ACCESS_DENIED","message":"The provided user has no access to this resource","metadata":{}}"
100431,2026-09-03 15:25:44,2026-09-03T21:25:44.000Z,BURBUTEK,DS-K1T673DWX-E120260212V044800ENGS8956846,403,"{"code":"ACCESS_DENIED","message":"The provided user has no access to this resource","metadata":{}}",403,"{"code":"ACCESS_DENIED","message":"The provided user has no access to this resource","metadata":{}}"
000369,2026-09-03 15:26:37,2026-09-03T21:26:37.000Z,PLANTA CONVERSION,DS-K1T673DWX-E120260212V044800ENGS8956847,403,"{"code":"ACCESS_DENIED","message":"The provided user has no access to this resource","metadata":{}}",403,"{"code":"ACCESS_DENIED","message":"The provided user has no access to this resource","metadata":{}}"
009048,2026-09-03 15:26:42,2026-09-03T21:26:42.000Z,PLANTA CONVERSION,DS-K1T673DWX-E120260212V044800ENGS8956847,403,"{"code":"ACCESS_DENIED","message":"The provided user has no access to this resource","metadata":{}}",403,"{"code":"ACCESS_DENIED","message":"The provided user has no access to this resource","metadata":{}}"
009066,2026-09-03 15:27:49,2026-09-03T21:27:49.000Z,PLANTA CONVERSION,DS-K1T673DWX-E120260212V044800ENGS8956847,404,"{"code":"USER_NOT_FOUND","message":"Employee not found","metadata":{}}",404,"{"code":"USER_NOT_FOUND","message":"Employee not found","metadata":{}}"
001475,2026-09-03 15:28:26,2026-09-03T21:28:26.000Z,CORPORATIVO,DS-K1T673DWX-E120251027V044180ENGN3228248,403,"{"code":"ACCESS_DENIED","message":"The provided user has no access to this resource","metadata":{}}",403,"{"code":"ACCESS_DENIED","message":"The provided user has no access to this resource","metadata":{}}"
002664,2026-09-03 15:28:53,2026-09-03T21:28:53.000Z,CORPORATIVO,DS-K1T673DWX-E120251027V044180ENGN3228248,403,"{"code":"ACCESS_DENIED","message":"The provided user has no access to this resource","metadata":{}}",403,"{"code":"ACCESS_DENIED","message":"The provided user has no access to this resource","metadata":{}}"
002160,2026-09-03 15:29:39,2026-09-03T21:29:39.000Z,CORPORATIVO,DS-K1T673DWX-E120251027V044180ENGN3228248,403,"{"code":"ACCESS_DENIED","message":"The provided user has no access to this resource","metadata":{}}",403,"{"code":"ACCESS_DENIED","message":"The provided user has no access to this resource","metadata":{}}"
001413,2026-09-03 15:29:43,2026-09-03T21:29:43.000Z,PLANTA COATING,DS-K1T673DWX-E120251027V044180ENGN3227937,403,"{"code":"ACCESS_DENIED","message":"The provided user has no access to this resource","metadata":{}}",403,"{"code":"ACCESS_DENIED","message":"The provided user has no access to this resource","metadata":{}}"
001316,2026-09-03 15:30:03,2026-09-03T21:30:03.000Z,PLANTA CONVERSION,DS-K1T673DWX-E120260212V044800ENGS8956847,403,"{"code":"ACCESS_DENIED","message":"The provided user has no access to this resource","metadata":{}}",403,"{"code":"ACCESS_DENIED","message":"The provided user has no access to this resource","metadata":{}}"
001233,2026-09-03 15:30:36,2026-09-03T21:30:36.000Z,CORPORATIVO,DS-K1T673DWX-E120251027V044180ENGN3228248,403,"{"code":"ACCESS_DENIED","message":"The provided user has no access to this resource","metadata":{}}",403,"{"code":"ACCESS_DENIED","message":"The provided user has no access to this resource","metadata":{}}"
002586,2026-09-03 15:30:39,2026-09-03T21:30:39.000Z,BURBUTEK,DS-K1T673DWX-E120260212V044800ENGS8956846,403,"{"code":"ACCESS_DENIED","message":"The provided user has no access to this resource","metadata":{}}",403,"{"code":"ACCESS_DENIED","message":"The provided user has no access to this resource","metadata":{}}"
002324,2026-09-03 15:30:43,2026-09-03T21:30:43.000Z,CORPORATIVO,DS-K1T673DWX-E120251027V044180ENGN3228248,403,"{"code":"ACCESS_DENIED","message":"The provided user has no access to this resource","metadata":{}}",403,"{"code":"ACCESS_DENIED","message":"The provided user has no access to this resource","metadata":{}}"
100414,2026-09-03 15:30:46,2026-09-03T21:30:46.000Z,BURBUTEK,DS-K1T673DWX-E120260212V044800ENGS8956846,403,"{"code":"ACCESS_DENIED","message":"The provided user has no access to this resource","metadata":{}}",403,"{"code":"ACCESS_DENIED","message":"The provided user has no access to this resource","metadata":{}}"
002608,2026-09-03 15:31:16,2026-09-03T21:31:16.000Z,TEXCOCO,DS-K1T673DWX-E120251027V044180ENGN3228057,403,"{"code":"ACCESS_DENIED","message":"The provided user has no access to this resource","metadata":{}}",403,"{"code":"ACCESS_DENIED","message":"The provided user has no access to this resource","metadata":{}}"
002520,2026-09-03 15:31:21,2026-09-03T21:31:21.000Z,CORPORATIVO,DS-K1T673DWX-E120251027V044180ENGN3228248,403,"{"code":"ACCESS_DENIED","message":"The provided user has no access to this resource","metadata":{}}",403,"{"code":"ACCESS_DENIED","message":"The provided user has no access to this resource","metadata":{}}"
001352,2026-09-03 15:32:06,2026-09-03T21:32:06.000Z,CORPORATIVO,DS-K1T673DWX-E120251027V044180ENGN3228248,403,"{"code":"ACCESS_DENIED","message":"The provided user has no access to this resource","metadata":{}}",403,"{"code":"ACCESS_DENIED","message":"The provided user has no access to this resource","metadata":{}}"
008940,2026-09-03 15:33:05,2026-09-03T21:33:05.000Z,PLANTA CONVERSION,DS-K1T673DWX-E120260212V044800ENGS8956847,403,"{"code":"ACCESS_DENIED","message":"The provided user has no access to this resource","metadata":{}}",403,"{"code":"ACCESS_DENIED","message":"The provided user has no access to this resource","metadata":{}}"
008975,2026-09-03 15:33:18,2026-09-03T21:33:18.000Z,PLANTA CONVERSION,DS-K1T673DWX-E120260212V044800ENGS8956847,403,"{"code":"ACCESS_DENIED","message":"The provided user has no access to this resource","metadata":{}}",403,"{"code":"ACCESS_DENIED","message":"The provided user has no access to this resource","metadata":{}}"
001448,2026-09-03 15:33:45,2026-09-03T21:33:45.000Z,CORPORATIVO,DS-K1T673DWX-E120251027V044180ENGN3228248,403,"{"code":"ACCESS_DENIED","message":"The provided user has no access to this resource","metadata":{}}",403,"{"code":"ACCESS_DENIED","message":"The provided user has no access to this resource","metadata":{}}"
002767,2026-09-03 15:34:24,2026-09-03T21:34:24.000Z,PLANTA CONVERSION,DS-K1T673DWX-E120260212V044800ENGS8956847,403,"{"code":"ACCESS_DENIED","message":"The provided user has no access to this resource","metadata":{}}",403,"{"code":"ACCESS_DENIED","message":"The provided user has no access to this resource","metadata":{}}"
100102,2026-09-03 15:35:13,2026-09-03T21:35:13.000Z,BURBUTEK,DS-K1T673DWX-E120260212V044800ENGS8956846,403,"{"code":"ACCESS_DENIED","message":"The provided user has no access to this resource","metadata":{}}",403,"{"code":"ACCESS_DENIED","message":"The provided user has no access to this resource","metadata":{}}"
001103,2026-09-03 15:35:39,2026-09-03T21:35:39.000Z,TEXCOCO,DS-K1T673DWX-E120251027V044180ENGN3228057,403,"{"code":"ACCESS_DENIED","message":"The provided user has no access to this resource","metadata":{}}",403,"{"code":"ACCESS_DENIED","message":"The provided user has no access to this resource","metadata":{}}"
100476,2026-09-03 15:35:48,2026-09-03T21:35:48.000Z,BURBUTEK,DS-K1T673DWX-E120260212V044800ENGS8956846,403,"{"code":"ACCESS_DENIED","message":"The provided user has no access to this resource","metadata":{}}",403,"{"code":"ACCESS_DENIED","message":"The provided user has no access to this resource","metadata":{}}"
002705,2026-09-03 15:35:57,2026-09-03T21:35:57.000Z,TEXCOCO,DS-K1T673DWX-E120251027V044180ENGN3228057,403,"{"code":"ACCESS_DENIED","message":"The provided user has no access to this resource","metadata":{}}",403,"{"code":"ACCESS_DENIED","message":"The provided user has no access to this resource","metadata":{}}"
100319,2026-09-03 15:37:51,2026-09-03T21:37:51.000Z,BURBUTEK,DS-K1T673DWX-E120260212V044800ENGS8956846,403,"{"code":"ACCESS_DENIED","message":"The provided user has no access to this resource","metadata":{}}",403,"{"code":"ACCESS_DENIED","message":"The provided user has no access to this resource","metadata":{}}"
002768,2026-09-03 15:39:26,2026-09-03T21:39:26.000Z,CORPORATIVO,DS-K1T673DWX-E120251027V044180ENGN3228248,403,"{"code":"ACCESS_DENIED","message":"The provided user has no access to this resource","metadata":{}}",403,"{"code":"ACCESS_DENIED","message":"The provided user has no access to this resource","metadata":{}}"
001920,2026-09-03 15:39:36,2026-09-03T21:39:36.000Z,PLANTA CONVERSION,DS-K1T673DWX-E120260212V044800ENGS8956847,403,"{"code":"ACCESS_DENIED","message":"The provided user has no access to this resource","metadata":{}}",403,"{"code":"ACCESS_DENIED","message":"The provided user has no access to this resource","metadata":{}}"
002685,2026-09-03 15:40:01,2026-09-03T21:40:01.000Z,PLANTA COATING,DS-K1T673DWX-E120251027V044180ENGN3227937,403,"{"code":"ACCESS_DENIED","message":"The provided user has no access to this resource","metadata":{}}",403,"{"code":"ACCESS_DENIED","message":"The provided user has no access to this resource","metadata":{}}"
002743,2026-09-03 15:40:58,2026-09-03T21:40:58.000Z,CORPORATIVO,DS-K1T673DWX-E120251027V044180ENGN3228248,403,"{"code":"ACCESS_DENIED","message":"The provided user has no access to this resource","metadata":{}}",403,"{"code":"ACCESS_DENIED","message":"The provided user has no access to this resource","metadata":{}}"
001292,2026-09-03 15:41:28,2026-09-03T21:41:28.000Z,TEXCOCO,DS-K1T673DWX-E120251027V044180ENGN3228057,403,"{"code":"ACCESS_DENIED","message":"The provided user has no access to this resource","metadata":{}}",403,"{"code":"ACCESS_DENIED","message":"The provided user has no access to this resource","metadata":{}}"
100479,2026-09-03 15:43:23,2026-09-03T21:43:23.000Z,BURBUTEK,DS-K1T673DWX-E120260212V044800ENGS8956846,403,"{"code":"ACCESS_DENIED","message":"The provided user has no access to this resource","metadata":{}}",403,"{"code":"ACCESS_DENIED","message":"The provided user has no access to this resource","metadata":{}}"
002207,2026-09-03 15:44:01,2026-09-03T21:44:01.000Z,PLANTA CONVERSION,DS-K1T673DWX-E120260212V044800ENGS8956847,403,"{"code":"ACCESS_DENIED","message":"The provided user has no access to this resource","metadata":{}}",403,"{"code":"ACCESS_DENIED","message":"The provided user has no access to this resource","metadata":{}}"
000402,2026-09-03 15:44:15,2026-09-03T21:44:15.000Z,CORPORATIVO,DS-K1T673DWX-E120251027V044180ENGN3228248,403,"{"code":"ACCESS_DENIED","message":"The provided user has no access to this resource","metadata":{}}",403,"{"code":"ACCESS_DENIED","message":"The provided user has no access to this resource","metadata":{}}"
002802,2026-09-03 15:46:51,2026-09-03T21:46:51.000Z,PLANTA COATING,DS-K1T673DWX-E120251027V044180ENGN3227937,403,"{"code":"ACCESS_DENIED","message":"The provided user has no access to this resource","metadata":{}}",403,"{"code":"ACCESS_DENIED","message":"The provided user has no access to this resource","metadata":{}}"
002511,2026-09-03 15:47:00,2026-09-03T21:47:00.000Z,PLANTA COATING,DS-K1T673DWX-E120251027V044180ENGN3227937,403,"{"code":"ACCESS_DENIED","message":"The provided user has no access to this resource","metadata":{}}",403,"{"code":"ACCESS_DENIED","message":"The provided user has no access to this resource","metadata":{}}"
001795,2026-09-03 15:47:26,2026-09-03T21:47:26.000Z,PLANTA COATING,DS-K1T673DWX-E120251027V044180ENGN3227937,403,"{"code":"ACCESS_DENIED","message":"The provided user has no access to this resource","metadata":{}}",403,"{"code":"ACCESS_DENIED","message":"The provided user has no access to this resource","metadata":{}}"
002801,2026-09-03 15:52:44,2026-09-03T21:52:44.000Z,CORPORATIVO,DS-K1T673DWX-E120251027V044180ENGN3228248,403,"{"code":"ACCESS_DENIED","message":"The provided user has no access to this resource","metadata":{}}",403,"{"code":"ACCESS_DENIED","message":"The provided user has no access to this resource","metadata":{}}"
009066,2026-09-03 15:57:42,2026-09-03T21:57:42.000Z,PLANTA CONVERSION,DS-K1T673DWX-E120260212V044800ENGS8956847,404,"{"code":"USER_NOT_FOUND","message":"Employee not found","metadata":{}}",404,"{"code":"USER_NOT_FOUND","message":"Employee not found","metadata":{}}"
002480,2026-09-03 15:57:44,2026-09-03T21:57:44.000Z,CORPORATIVO,DS-K1T673DWX-E120251027V044180ENGN3228248,403,"{"code":"ACCESS_DENIED","message":"The provided user has no access to this resource","metadata":{}}",403,"{"code":"ACCESS_DENIED","message":"The provided user has no access to this resource","metadata":{}}"
002169,2026-09-03 15:57:48,2026-09-03T21:57:48.000Z,CORPORATIVO,DS-K1T673DWX-E120251027V044180ENGN3228248,403,"{"code":"ACCESS_DENIED","message":"The provided user has no access to this resource","metadata":{}}",403,"{"code":"ACCESS_DENIED","message":"The provided user has no access to this resource","metadata":{}}"
002643,2026-09-03 15:57:53,2026-09-03T21:57:53.000Z,CORPORATIVO,DS-K1T673DWX-E120251027V044180ENGN3228248,403,"{"code":"ACCESS_DENIED","message":"The provided user has no access to this resource","metadata":{}}",403,"{"code":"ACCESS_DENIED","message":"The provided user has no access to this resource","metadata":{}}"
002753,2026-09-03 15:59:55,2026-09-03T21:59:55.000Z,CORPORATIVO,DS-K1T673DWX-E120251027V044180ENGN3228248,403,"{"code":"ACCESS_DENIED","message":"The provided user has no access to this resource","metadata":{}}",403,"{"code":"ACCESS_DENIED","message":"The provided user has no access to this resource","metadata":{}}"
002630,2026-09-03 16:00:00,2026-09-03T22:00:00.000Z,CORPORATIVO,DS-K1T673DWX-E120251027V044180ENGN3228248,403,"{"code":"ACCESS_DENIED","message":"The provided user has no access to this resource","metadata":{}}",403,"{"code":"ACCESS_DENIED","message":"The provided user has no access to this resource","metadata":{}}"
002671,2026-09-03 16:00:06,2026-09-03T22:00:06.000Z,CORPORATIVO,DS-K1T673DWX-E120251027V044180ENGN3228248,403,"{"code":"ACCESS_DENIED","message":"The provided user has no access to this resource","metadata":{}}",403,"{"code":"ACCESS_DENIED","message":"The provided user has no access to this resource","metadata":{}}"
000675,2026-09-03 16:00:11,2026-09-03T22:00:11.000Z,GUADALAJARA,DS-K1T673DWX-E120251027V044180ENGN3228223,403,"{"code":"ACCESS_DENIED","message":"The provided user has no access to this resource","metadata":{}}",403,"{"code":"ACCESS_DENIED","message":"The provided user has no access to this resource","metadata":{}}"
006332,2026-09-05 10:36:06,2026-09-05T16:36:06.000Z,PLANTA CONVERSION,DS-K1T673DWX-E120260212V044800ENGS8956847,502,"<html>
<head><title>502 Bad Gateway</title></head>
<body>
<center><h1>502 Bad Gateway</h1></center>
</body>
</html>
",422,"{"code":"TIME_TRACKING_ENTRY_DUPLICATE","message":"Can't create two entries of the same type in a row","metadata":{}}"
002088,2026-09-07 10:07:26,2026-09-07T16:07:26.000Z,CORPORATIVO,DS-K1T673DWX-E120251027V044180ENGN3228248,422,"{"code":"TIME_TRACKING_ENTRY_DUPLICATE","message":"Can't create two entries of the same type in a row","metadata":{}}",422,"{"code":"TIME_TRACKING_ENTRY_DUPLICATE","message":"Can't create two entries of the same type in a row","metadata":{}}"
002617,2026-09-07 14:10:31,2026-09-07T20:10:31.000Z,CORPORATIVO,DS-K1T673DWX-E120251027V044180ENGN3228248,422,"{"code":"TIME_TRACKING_ENTRY_DUPLICATE","message":"Can't create two entries of the same type in a row","metadata":{}}",422,"{"code":"TIME_TRACKING_ENTRY_DUPLICATE","message":"Can't create two entries of the same type in a row","metadata":{}}"
002133,2026-09-08 12:07:56,2026-09-08T18:07:56.000Z,CORPORATIVO,DS-K1T673DWX-E120251027V044180ENGN3228248,422,"{"code":"TIME_TRACKING_ENTRY_DUPLICATE","message":"Can't create two entries of the same type in a row","metadata":{}}",422,"{"code":"TIME_TRACKING_ENTRY_DUPLICATE","message":"Can't create two entries of the same type in a row","metadata":{}}"
002617,2026-09-08 12:17:23,2026-09-08T18:17:23.000Z,CORPORATIVO,DS-K1T673DWX-E120251027V044180ENGN3228248,422,"{"code":"TIME_TRACKING_ENTRY_DUPLICATE","message":"Can't create two entries of the same type in a row","metadata":{}}",422,"{"code":"TIME_TRACKING_ENTRY_DUPLICATE","message":"Can't create two entries of the same type in a row","metadata":{}}"
